Plan_ID,Equipo_ID,Actividad_ID,OT_ID_Ejecutado,Fecha_Programada,Tipo_Mantenimiento,Horas_Planificadas,Estado_Plan
PM00001,18,3,,2023-01-03,Preventivo,5.0,Pendiente
PM00002,8,7,,2023-01-03,Preventivo,5.0,Pendiente
PM00003,8,15,5.0,2023-01-05,Mayor,80.0,Ejecutado
PM00004,11,6,6.0,2023-01-08,Preventivo,6.0,Ejecutado
PM00005,5,4,7.0,2023-01-09,Preventivo,2.0,Ejecutado
PM00006,7,4,9.0,2023-01-10,Preventivo,2.0,Ejecutado
PM00007,16,6,,2023-01-10,Preventivo,6.0,Reprogramado
PM00008,15,3,,2023-01-13,Preventivo,5.0,Pendiente
PM00009,8,7,8.0,2023-01-13,Preventivo,5.0,Ejecutado
PM00010,12,5,13.0,2023-01-13,Preventivo,4.0,Ejecutado
PM00011,13,5,11.0,2023-01-13,Preventivo,4.0,Ejecutado
PM00012,21,2,12.0,2023-01-13,Preventivo,3.0,Ejecutado
PM00013,6,5,19.0,2023-01-14,Preventivo,4.0,Ejecutado
PM00014,1,6,22.0,2023-01-14,Preventivo,6.0,Ejecutado
PM00015,2,5,,2023-01-14,Preventivo,4.0,Cancelado
PM00016,20,6,15.0,2023-01-16,Preventivo,6.0,Ejecutado
PM00017,18,3,20.0,2023-01-16,Preventivo,5.0,Ejecutado
PM00018,4,4,24.0,2023-01-16,Preventivo,2.0,Ejecutado
PM00019,19,7,25.0,2023-01-17,Preventivo,5.0,Ejecutado
PM00020,17,1,27.0,2023-01-17,Preventivo,4.0,Ejecutado
PM00021,9,3,29.0,2023-01-17,Preventivo,5.0,Ejecutado
PM00022,3,6,30.0,2023-01-17,Preventivo,6.0,Ejecutado
PM00023,21,11,38.0,2023-01-18,Predictivo,4.0,Ejecutado
PM00024,6,8,31.0,2023-01-18,Predictivo,2.0,Ejecutado
PM00025,10,2,,2023-01-18,Preventivo,3.0,Pendiente
PM00026,14,7,23.0,2023-01-18,Preventivo,5.0,Ejecutado
PM00027,18,10,40.0,2023-01-21,Predictivo,3.0,Ejecutado
PM00028,16,3,32.0,2023-01-21,Preventivo,5.0,Ejecutado
PM00029,8,10,37.0,2023-01-22,Predictivo,3.0,Ejecutado
PM00030,1,11,41.0,2023-01-22,Predictivo,4.0,Ejecutado
PM00031,13,10,44.0,2023-01-23,Predictivo,3.0,Ejecutado
PM00032,14,11,48.0,2023-01-27,Predictivo,4.0,Ejecutado
PM00033,4,11,55.0,2023-01-28,Predictivo,4.0,Ejecutado
PM00034,19,11,47.0,2023-01-28,Predictivo,4.0,Ejecutado
PM00035,17,8,54.0,2023-01-29,Predictivo,2.0,Ejecutado
PM00036,11,8,52.0,2023-01-29,Predictivo,2.0,Ejecutado
PM00037,5,7,,2023-01-30,Preventivo,5.0,Reprogramado
PM00038,2,9,57.0,2023-02-02,Predictivo,3.0,Ejecutado
PM00039,16,10,61.0,2023-02-02,Predictivo,3.0,Ejecutado
PM00040,5,9,62.0,2023-02-02,Predictivo,3.0,Ejecutado
PM00041,9,11,59.0,2023-02-03,Predictivo,4.0,Ejecutado
PM00042,10,8,58.0,2023-02-03,Predictivo,2.0,Ejecutado
PM00043,20,11,,2023-02-04,Predictivo,4.0,Cancelado
PM00044,12,8,63.0,2023-02-05,Predictivo,2.0,Ejecutado
PM00045,7,11,69.0,2023-02-05,Predictivo,4.0,Ejecutado
PM00046,3,10,71.0,2023-02-07,Predictivo,3.0,Ejecutado
PM00047,15,10,70.0,2023-02-09,Predictivo,3.0,Ejecutado
PM00048,17,7,81.0,2023-02-11,Preventivo,5.0,Ejecutado
PM00049,21,17,85.0,2023-02-12,Mayor,40.0,Ejecutado
PM00050,8,5,84.0,2023-02-13,Preventivo,4.0,Ejecutado
PM00051,19,4,82.0,2023-02-13,Preventivo,2.0,Ejecutado
PM00052,11,6,87.0,2023-02-14,Preventivo,6.0,Ejecutado
PM00053,2,1,83.0,2023-02-15,Preventivo,4.0,Ejecutado
PM00054,7,1,92.0,2023-02-16,Preventivo,4.0,Ejecutado
PM00055,13,4,100.0,2023-02-17,Preventivo,2.0,Ejecutado
PM00056,9,2,93.0,2023-02-18,Preventivo,3.0,Ejecutado
PM00057,4,6,97.0,2023-02-18,Preventivo,6.0,Ejecutado
PM00058,18,4,89.0,2023-02-18,Preventivo,2.0,Ejecutado
PM00059,5,1,91.0,2023-02-18,Preventivo,4.0,Ejecutado
PM00060,16,6,98.0,2023-02-19,Preventivo,6.0,Ejecutado
PM00061,21,6,99.0,2023-02-20,Preventivo,6.0,Ejecutado
PM00062,15,3,102.0,2023-02-20,Preventivo,5.0,Ejecutado
PM00063,20,3,109.0,2023-02-21,Preventivo,5.0,Ejecutado
PM00064,12,5,103.0,2023-02-22,Preventivo,4.0,Ejecutado
PM00065,6,2,117.0,2023-02-23,Preventivo,3.0,Ejecutado
PM00066,1,5,115.0,2023-02-23,Preventivo,4.0,Ejecutado
PM00067,10,1,114.0,2023-02-23,Preventivo,4.0,Ejecutado
PM00068,14,2,110.0,2023-02-23,Preventivo,3.0,Ejecutado
PM00069,16,17,121.0,2023-02-24,Mayor,40.0,Ejecutado
PM00070,3,6,,2023-02-24,Preventivo,6.0,Cancelado
PM00071,21,17,144.0,2023-03-11,Mayor,40.0,Ejecutado
PM00072,11,6,153.0,2023-03-16,Preventivo,6.0,Ejecutado
PM00073,6,1,166.0,2023-03-18,Preventivo,4.0,Ejecutado
PM00074,15,3,160.0,2023-03-18,Preventivo,5.0,Ejecutado
PM00075,4,4,161.0,2023-03-18,Preventivo,2.0,Ejecutado
PM00076,10,4,168.0,2023-03-19,Preventivo,2.0,Ejecutado
PM00077,8,7,178.0,2023-03-19,Preventivo,5.0,Ejecutado
PM00078,17,7,179.0,2023-03-20,Preventivo,5.0,Ejecutado
PM00079,2,5,159.0,2023-03-20,Preventivo,4.0,Ejecutado
PM00080,5,2,185.0,2023-03-20,Preventivo,3.0,Ejecutado
PM00081,9,3,167.0,2023-03-21,Preventivo,5.0,Ejecutado
PM00082,12,2,172.0,2023-03-22,Preventivo,3.0,Ejecutado
PM00083,21,7,184.0,2023-03-22,Preventivo,5.0,Ejecutado
PM00084,5,9,192.0,2023-03-22,Predictivo,3.0,Ejecutado
PM00085,1,4,196.0,2023-03-23,Preventivo,2.0,Ejecutado
PM00086,20,7,197.0,2023-03-23,Preventivo,5.0,Ejecutado
PM00087,17,8,,2023-03-23,Predictivo,2.0,Cancelado
PM00088,14,6,183.0,2023-03-23,Preventivo,6.0,Ejecutado
PM00089,7,3,188.0,2023-03-23,Preventivo,5.0,Ejecutado
PM00090,16,3,199.0,2023-03-24,Preventivo,5.0,Ejecutado
PM00091,13,3,207.0,2023-03-24,Preventivo,5.0,Ejecutado
PM00092,18,3,182.0,2023-03-24,Preventivo,5.0,Ejecutado
PM00093,4,9,209.0,2023-03-24,Predictivo,3.0,Ejecutado
PM00094,20,9,,2023-03-24,Predictivo,3.0,Cancelado
PM00095,5,4,,2023-03-25,Preventivo,2.0,Cancelado
PM00096,3,9,198.0,2023-03-25,Predictivo,3.0,Ejecutado
PM00097,19,9,200.0,2023-03-25,Predictivo,3.0,Ejecutado
PM00098,13,10,206.0,2023-03-25,Predictivo,3.0,Ejecutado
PM00099,5,5,,2023-03-26,Preventivo,4.0,Cancelado
PM00100,3,3,190.0,2023-03-26,Preventivo,5.0,Ejecutado
PM00101,14,15,205.0,2023-03-26,Mayor,80.0,Ejecutado
PM00102,19,4,212.0,2023-03-28,Preventivo,2.0,Ejecutado
PM00103,16,10,208.0,2023-03-28,Predictivo,3.0,Ejecutado
PM00104,13,16,215.0,2023-03-28,Mayor,60.0,Ejecutado
PM00105,10,10,,2023-03-28,Predictivo,3.0,Cancelado
PM00106,12,11,220.0,2023-03-29,Predictivo,4.0,Ejecutado
PM00107,18,8,221.0,2023-03-30,Predictivo,2.0,Ejecutado
PM00108,11,9,229.0,2023-03-30,Predictivo,3.0,Ejecutado
PM00109,4,6,,2023-03-31,Preventivo,6.0,Reprogramado
PM00110,6,11,233.0,2023-04-02,Predictivo,4.0,Ejecutado
PM00111,7,10,224.0,2023-04-02,Predictivo,3.0,Ejecutado
PM00112,8,8,241.0,2023-04-04,Predictivo,2.0,Ejecutado
PM00113,15,9,246.0,2023-04-05,Predictivo,3.0,Ejecutado
PM00114,2,8,236.0,2023-04-05,Predictivo,2.0,Ejecutado
PM00115,1,11,238.0,2023-04-06,Predictivo,4.0,Ejecutado
PM00116,14,10,248.0,2023-04-08,Predictivo,3.0,Ejecutado
PM00117,9,9,249.0,2023-04-10,Predictivo,3.0,Ejecutado
PM00118,21,9,252.0,2023-04-10,Predictivo,3.0,Ejecutado
PM00119,10,3,,2023-04-12,Preventivo,5.0,Pendiente
PM00120,2,7,268.0,2023-04-18,Preventivo,5.0,Ejecutado
PM00121,1,3,270.0,2023-04-18,Preventivo,5.0,Ejecutado
PM00122,18,7,277.0,2023-04-20,Preventivo,5.0,Ejecutado
PM00123,10,4,,2023-04-21,Preventivo,2.0,Cancelado
PM00124,21,7,279.0,2023-04-21,Preventivo,5.0,Ejecutado
PM00125,5,4,267.0,2023-04-21,Preventivo,2.0,Ejecutado
PM00126,7,3,276.0,2023-04-22,Preventivo,5.0,Ejecutado
PM00127,15,7,269.0,2023-04-22,Preventivo,5.0,Ejecutado
PM00128,16,3,278.0,2023-04-23,Preventivo,5.0,Ejecutado
PM00129,8,5,,2023-04-23,Preventivo,4.0,Pendiente
PM00130,13,6,280.0,2023-04-24,Preventivo,6.0,Ejecutado
PM00131,12,3,291.0,2023-04-25,Preventivo,5.0,Ejecutado
PM00132,10,3,294.0,2023-04-25,Preventivo,5.0,Ejecutado
PM00133,11,7,284.0,2023-04-26,Preventivo,5.0,Ejecutado
PM00134,13,6,,2023-04-26,Preventivo,6.0,Cancelado
PM00135,3,3,299.0,2023-04-27,Preventivo,5.0,Ejecutado
PM00136,17,5,290.0,2023-04-27,Preventivo,4.0,Ejecutado
PM00137,11,17,298.0,2023-04-28,Mayor,40.0,Ejecutado
PM00138,14,1,289.0,2023-04-28,Preventivo,4.0,Ejecutado
PM00139,4,6,,2023-04-29,Preventivo,6.0,Cancelado
PM00140,19,1,303.0,2023-04-30,Preventivo,4.0,Ejecutado
PM00141,20,3,302.0,2023-04-30,Preventivo,5.0,Ejecutado
PM00142,9,2,300.0,2023-05-01,Preventivo,3.0,Ejecutado
PM00143,6,6,304.0,2023-05-01,Preventivo,6.0,Ejecutado
PM00144,2,16,315.0,2023-05-07,Mayor,60.0,Ejecutado
PM00145,10,7,,2023-05-07,Preventivo,5.0,Cancelado
PM00146,18,15,339.0,2023-05-16,Mayor,80.0,Ejecutado
PM00147,10,8,358.0,2023-05-20,Predictivo,2.0,Ejecutado
PM00148,15,8,353.0,2023-05-20,Predictivo,2.0,Ejecutado
PM00149,19,2,363.0,2023-05-21,Preventivo,3.0,Ejecutado
PM00150,18,2,379.0,2023-05-24,Preventivo,3.0,Ejecutado
PM00151,7,2,,2023-05-24,Preventivo,3.0,Cancelado
PM00152,11,9,376.0,2023-05-25,Predictivo,3.0,Ejecutado
PM00153,8,2,377.0,2023-05-25,Preventivo,3.0,Ejecutado
PM00154,10,6,384.0,2023-05-25,Preventivo,6.0,Ejecutado
PM00155,9,4,385.0,2023-05-25,Preventivo,2.0,Ejecutado
PM00156,14,10,362.0,2023-05-25,Predictivo,3.0,Ejecutado
PM00157,4,10,365.0,2023-05-25,Predictivo,3.0,Ejecutado
PM00158,2,11,371.0,2023-05-26,Predictivo,4.0,Ejecutado
PM00159,3,10,389.0,2023-05-26,Predictivo,3.0,Ejecutado
PM00160,6,3,,2023-05-26,Preventivo,5.0,Cancelado
PM00161,8,9,386.0,2023-05-26,Predictivo,3.0,Ejecutado
PM00162,5,3,370.0,2023-05-26,Preventivo,5.0,Ejecutado
PM00163,4,6,396.0,2023-05-27,Preventivo,6.0,Ejecutado
PM00164,1,3,393.0,2023-05-27,Preventivo,5.0,Ejecutado
PM00165,12,1,388.0,2023-05-27,Preventivo,4.0,Ejecutado
PM00166,13,10,374.0,2023-05-27,Predictivo,3.0,Ejecutado
PM00167,11,4,392.0,2023-05-28,Preventivo,2.0,Ejecutado
PM00168,5,11,378.0,2023-05-28,Predictivo,4.0,Ejecutado
PM00169,7,8,375.0,2023-05-28,Predictivo,2.0,Ejecutado
PM00170,3,5,395.0,2023-05-29,Preventivo,4.0,Ejecutado
PM00171,17,10,400.0,2023-05-29,Predictivo,3.0,Ejecutado
PM00172,9,8,404.0,2023-05-29,Predictivo,2.0,Ejecutado
PM00173,21,3,394.0,2023-05-29,Preventivo,5.0,Ejecutado
PM00174,19,8,403.0,2023-05-30,Predictivo,2.0,Ejecutado
PM00175,16,2,,2023-05-30,Preventivo,3.0,Pendiente
PM00176,2,7,419.0,2023-05-31,Preventivo,5.0,Ejecutado
PM00177,17,4,409.0,2023-05-31,Preventivo,2.0,Ejecutado
PM00178,20,2,412.0,2023-05-31,Preventivo,3.0,Ejecutado
PM00179,13,1,,2023-05-31,Preventivo,4.0,Pendiente
PM00180,14,3,417.0,2023-06-01,Preventivo,5.0,Ejecutado
PM00181,15,7,416.0,2023-06-01,Preventivo,5.0,Ejecutado
PM00182,21,11,411.0,2023-06-01,Predictivo,4.0,Ejecutado
PM00183,18,11,,2023-06-01,Predictivo,4.0,Cancelado
PM00184,12,8,410.0,2023-06-03,Predictivo,2.0,Ejecutado
PM00185,6,9,425.0,2023-06-03,Predictivo,3.0,Ejecutado
PM00186,1,10,418.0,2023-06-03,Predictivo,3.0,Ejecutado
PM00187,20,11,,2023-06-04,Predictivo,4.0,Cancelado
PM00188,4,4,,2023-06-06,Preventivo,2.0,Reprogramado
PM00189,16,9,437.0,2023-06-08,Predictivo,3.0,Ejecutado
PM00190,14,1,,2023-06-12,Preventivo,4.0,Reprogramado
PM00191,12,7,,2023-06-23,Preventivo,5.0,Reprogramado
PM00192,13,3,482.0,2023-06-25,Preventivo,5.0,Ejecutado
PM00193,2,2,483.0,2023-06-25,Preventivo,3.0,Ejecutado
PM00194,20,3,481.0,2023-06-27,Preventivo,5.0,Ejecutado
PM00195,14,2,494.0,2023-06-28,Preventivo,3.0,Ejecutado
PM00196,7,4,500.0,2023-06-29,Preventivo,2.0,Ejecutado
PM00197,18,5,,2023-06-29,Preventivo,4.0,Cancelado
PM00198,5,2,,2023-06-30,Preventivo,3.0,Cancelado
PM00199,19,6,486.0,2023-06-30,Preventivo,6.0,Ejecutado
PM00200,21,2,487.0,2023-06-30,Preventivo,3.0,Ejecutado
PM00201,11,2,493.0,2023-06-30,Preventivo,3.0,Ejecutado
PM00202,8,1,,2023-07-02,Preventivo,4.0,Cancelado
PM00203,12,7,,2023-07-02,Preventivo,5.0,Cancelado
PM00204,3,6,513.0,2023-07-03,Preventivo,6.0,Ejecutado
PM00205,1,5,506.0,2023-07-04,Preventivo,4.0,Ejecutado
PM00206,5,6,504.0,2023-07-04,Preventivo,6.0,Ejecutado
PM00207,16,1,,2023-07-04,Preventivo,4.0,Cancelado
PM00208,10,1,517.0,2023-07-04,Preventivo,4.0,Ejecutado
PM00209,4,5,,2023-07-04,Preventivo,4.0,Reprogramado
PM00210,9,7,522.0,2023-07-05,Preventivo,5.0,Ejecutado
PM00211,17,6,,2023-07-05,Preventivo,6.0,Cancelado
PM00212,10,2,,2023-07-06,Preventivo,3.0,Reprogramado
PM00213,4,6,,2023-07-06,Preventivo,6.0,Cancelado
PM00214,6,6,515.0,2023-07-06,Preventivo,6.0,Ejecutado
PM00215,15,3,523.0,2023-07-07,Preventivo,5.0,Ejecutado
PM00216,8,16,537.0,2023-07-12,Mayor,60.0,Ejecutado
PM00217,3,11,556.0,2023-07-18,Predictivo,4.0,Ejecutado
PM00218,9,7,,2023-07-20,Preventivo,5.0,Cancelado
PM00219,11,10,558.0,2023-07-22,Predictivo,3.0,Ejecutado
PM00220,12,11,,2023-07-24,Predictivo,4.0,Cancelado
PM00221,5,11,571.0,2023-07-25,Predictivo,4.0,Ejecutado
PM00222,14,10,565.0,2023-07-25,Predictivo,3.0,Ejecutado
PM00223,7,11,574.0,2023-07-26,Predictivo,4.0,Ejecutado
PM00224,6,11,573.0,2023-07-26,Predictivo,4.0,Ejecutado
PM00225,8,10,566.0,2023-07-26,Predictivo,3.0,Ejecutado
PM00226,20,11,575.0,2023-07-27,Predictivo,4.0,Ejecutado
PM00227,10,9,,2023-07-27,Predictivo,3.0,Cancelado
PM00228,11,4,577.0,2023-07-28,Preventivo,2.0,Ejecutado
PM00229,20,4,587.0,2023-07-28,Preventivo,2.0,Ejecutado
PM00230,18,8,592.0,2023-07-28,Predictivo,2.0,Ejecutado
PM00231,9,10,584.0,2023-07-28,Predictivo,3.0,Ejecutado
PM00232,21,6,576.0,2023-07-29,Preventivo,6.0,Ejecutado
PM00233,19,4,599.0,2023-07-29,Preventivo,2.0,Ejecutado
PM00234,6,7,586.0,2023-07-29,Preventivo,5.0,Ejecutado
PM00235,18,5,602.0,2023-07-29,Preventivo,4.0,Ejecutado
PM00236,17,7,591.0,2023-07-30,Preventivo,5.0,Ejecutado
PM00237,2,11,598.0,2023-07-30,Predictivo,4.0,Ejecutado
PM00238,14,2,615.0,2023-07-31,Preventivo,3.0,Ejecutado
PM00239,13,7,603.0,2023-07-31,Preventivo,5.0,Ejecutado
PM00240,21,9,601.0,2023-07-31,Predictivo,3.0,Ejecutado
PM00241,13,7,,2023-07-31,Preventivo,5.0,Reprogramado
PM00242,1,1,593.0,2023-07-31,Preventivo,4.0,Ejecutado
PM00243,19,8,616.0,2023-07-31,Predictivo,2.0,Ejecutado
PM00244,2,3,,2023-08-01,Preventivo,5.0,Cancelado
PM00245,3,5,618.0,2023-08-01,Preventivo,4.0,Ejecutado
PM00246,4,11,605.0,2023-08-01,Predictivo,4.0,Ejecutado
PM00247,16,10,617.0,2023-08-01,Predictivo,3.0,Ejecutado
PM00248,8,3,597.0,2023-08-02,Preventivo,5.0,Ejecutado
PM00249,1,10,600.0,2023-08-02,Predictivo,3.0,Ejecutado
PM00250,13,9,604.0,2023-08-02,Predictivo,3.0,Ejecutado
PM00251,15,3,613.0,2023-08-03,Preventivo,5.0,Ejecutado
PM00252,12,1,623.0,2023-08-03,Preventivo,4.0,Ejecutado
PM00253,20,6,,2023-08-03,Preventivo,6.0,Reprogramado
PM00254,17,9,,2023-08-04,Predictivo,3.0,Cancelado
PM00255,4,4,614.0,2023-08-04,Preventivo,2.0,Ejecutado
PM00256,7,7,624.0,2023-08-04,Preventivo,5.0,Ejecutado
PM00257,10,5,626.0,2023-08-06,Preventivo,4.0,Ejecutado
PM00258,9,5,630.0,2023-08-06,Preventivo,4.0,Ejecutado
PM00259,16,7,627.0,2023-08-06,Preventivo,5.0,Ejecutado
PM00260,5,7,628.0,2023-08-07,Preventivo,5.0,Ejecutado
PM00261,2,3,,2023-08-08,Preventivo,5.0,Cancelado
PM00262,15,11,637.0,2023-08-09,Predictivo,4.0,Ejecutado
PM00263,19,1,,2023-08-17,Preventivo,4.0,Reprogramado
PM00264,14,15,667.0,2023-08-18,Mayor,80.0,Ejecutado
PM00265,12,2,,2023-08-29,Preventivo,3.0,Cancelado
PM00266,4,2,696.0,2023-08-29,Preventivo,3.0,Ejecutado
PM00267,2,1,703.0,2023-08-30,Preventivo,4.0,Ejecutado
PM00268,6,2,702.0,2023-08-30,Preventivo,3.0,Ejecutado
PM00269,20,7,700.0,2023-08-31,Preventivo,5.0,Ejecutado
PM00270,16,5,,2023-08-31,Preventivo,4.0,Cancelado
PM00271,3,7,712.0,2023-08-31,Preventivo,5.0,Ejecutado
PM00272,18,2,,2023-08-31,Preventivo,3.0,Cancelado
PM00273,11,2,,2023-09-01,Preventivo,3.0,Pendiente
PM00274,1,1,718.0,2023-09-03,Preventivo,4.0,Ejecutado
PM00275,9,5,726.0,2023-09-03,Preventivo,4.0,Ejecutado
PM00276,5,4,723.0,2023-09-04,Preventivo,2.0,Ejecutado
PM00277,14,1,730.0,2023-09-04,Preventivo,4.0,Ejecutado
PM00278,17,5,725.0,2023-09-05,Preventivo,4.0,Ejecutado
PM00279,15,7,727.0,2023-09-05,Preventivo,5.0,Ejecutado
PM00280,10,7,724.0,2023-09-06,Preventivo,5.0,Ejecutado
PM00281,7,7,731.0,2023-09-06,Preventivo,5.0,Ejecutado
PM00282,19,3,736.0,2023-09-06,Preventivo,5.0,Ejecutado
PM00283,12,7,745.0,2023-09-07,Preventivo,5.0,Ejecutado
PM00284,21,4,744.0,2023-09-08,Preventivo,2.0,Ejecutado
PM00285,8,5,738.0,2023-09-08,Preventivo,4.0,Ejecutado
PM00286,13,5,732.0,2023-09-08,Preventivo,4.0,Ejecutado
PM00287,16,1,,2023-09-15,Preventivo,4.0,Cancelado
PM00288,13,11,771.0,2023-09-18,Predictivo,4.0,Ejecutado
PM00289,16,8,780.0,2023-09-22,Predictivo,2.0,Ejecutado
PM00290,2,9,782.0,2023-09-23,Predictivo,3.0,Ejecutado
PM00291,6,11,793.0,2023-09-23,Predictivo,4.0,Ejecutado
PM00292,17,8,784.0,2023-09-24,Predictivo,2.0,Ejecutado
PM00293,7,10,789.0,2023-09-24,Predictivo,3.0,Ejecutado
PM00294,8,9,,2023-09-24,Predictivo,3.0,Cancelado
PM00295,14,9,796.0,2023-09-24,Predictivo,3.0,Ejecutado
PM00296,15,8,,2023-09-25,Predictivo,2.0,Cancelado
PM00297,1,11,783.0,2023-09-25,Predictivo,4.0,Ejecutado
PM00298,3,10,795.0,2023-09-26,Predictivo,3.0,Ejecutado
PM00299,12,10,803.0,2023-09-28,Predictivo,3.0,Ejecutado
PM00300,10,8,799.0,2023-09-29,Predictivo,2.0,Ejecutado
PM00301,4,11,812.0,2023-10-01,Predictivo,4.0,Ejecutado
PM00302,21,11,811.0,2023-10-02,Predictivo,4.0,Ejecutado
PM00303,16,5,819.0,2023-10-02,Preventivo,4.0,Ejecutado
PM00304,11,9,820.0,2023-10-03,Predictivo,3.0,Ejecutado
PM00305,6,1,827.0,2023-10-03,Preventivo,4.0,Ejecutado
PM00306,7,7,826.0,2023-10-03,Preventivo,5.0,Ejecutado
PM00307,1,7,,2023-10-03,Preventivo,5.0,Pendiente
PM00308,5,9,821.0,2023-10-04,Predictivo,3.0,Ejecutado
PM00309,12,3,824.0,2023-10-04,Preventivo,5.0,Ejecutado
PM00310,20,6,,2023-10-04,Preventivo,6.0,Cancelado
PM00311,2,1,822.0,2023-10-05,Preventivo,4.0,Ejecutado
PM00312,17,3,825.0,2023-10-05,Preventivo,5.0,Ejecutado
PM00313,19,9,845.0,2023-10-06,Predictivo,3.0,Ejecutado
PM00314,21,1,,2023-10-06,Preventivo,4.0,Pendiente
PM00315,20,8,829.0,2023-10-06,Predictivo,2.0,Ejecutado
PM00316,1,1,836.0,2023-10-06,Preventivo,4.0,Ejecutado
PM00317,18,11,844.0,2023-10-07,Predictivo,4.0,Ejecutado
PM00318,8,4,837.0,2023-10-07,Preventivo,2.0,Ejecutado
PM00319,9,1,838.0,2023-10-08,Preventivo,4.0,Ejecutado
PM00320,9,10,842.0,2023-10-08,Predictivo,3.0,Ejecutado
PM00321,4,7,853.0,2023-10-08,Preventivo,5.0,Ejecutado
PM00322,19,7,843.0,2023-10-10,Preventivo,5.0,Ejecutado
PM00323,13,1,860.0,2023-10-10,Preventivo,4.0,Ejecutado
PM00324,15,6,848.0,2023-10-10,Preventivo,6.0,Ejecutado
PM00325,14,3,872.0,2023-10-11,Preventivo,5.0,Ejecutado
PM00326,5,2,854.0,2023-10-11,Preventivo,3.0,Ejecutado
PM00327,10,4,849.0,2023-10-11,Preventivo,2.0,Ejecutado
PM00328,4,7,,2023-10-12,Preventivo,5.0,Cancelado
PM00329,3,2,859.0,2023-10-13,Preventivo,3.0,Ejecutado
PM00330,11,7,873.0,2023-10-13,Preventivo,5.0,Ejecutado
PM00331,18,7,869.0,2023-10-14,Preventivo,5.0,Ejecutado
PM00332,3,2,,2023-10-19,Preventivo,3.0,Cancelado
PM00333,5,3,,2023-10-21,Preventivo,5.0,Cancelado
PM00334,6,4,925.0,2023-11-03,Preventivo,2.0,Ejecutado
PM00335,11,5,926.0,2023-11-04,Preventivo,4.0,Ejecutado
PM00336,14,1,,2023-11-04,Preventivo,4.0,Cancelado
PM00337,2,6,924.0,2023-11-06,Preventivo,6.0,Ejecutado
PM00338,7,4,,2023-11-06,Preventivo,2.0,Cancelado
PM00339,20,7,939.0,2023-11-07,Preventivo,5.0,Ejecutado
PM00340,7,3,,2023-11-07,Preventivo,5.0,Cancelado
PM00341,10,1,937.0,2023-11-07,Preventivo,4.0,Ejecutado
PM00342,14,2,940.0,2023-11-07,Preventivo,3.0,Ejecutado
PM00343,3,2,932.0,2023-11-08,Preventivo,3.0,Ejecutado
PM00344,5,3,936.0,2023-11-08,Preventivo,5.0,Ejecutado
PM00345,9,3,944.0,2023-11-08,Preventivo,5.0,Ejecutado
PM00346,18,1,,2023-11-08,Preventivo,4.0,Pendiente
PM00347,21,5,952.0,2023-11-09,Preventivo,4.0,Ejecutado
PM00348,4,7,959.0,2023-11-10,Preventivo,5.0,Ejecutado
PM00349,17,5,963.0,2023-11-11,Preventivo,4.0,Ejecutado
PM00350,13,5,957.0,2023-11-11,Preventivo,4.0,Ejecutado
PM00351,18,5,943.0,2023-11-11,Preventivo,4.0,Ejecutado
PM00352,16,3,950.0,2023-11-12,Preventivo,5.0,Ejecutado
PM00353,8,6,951.0,2023-11-12,Preventivo,6.0,Ejecutado
PM00354,19,1,971.0,2023-11-13,Preventivo,4.0,Ejecutado
PM00355,12,1,,2023-11-14,Preventivo,4.0,Cancelado
PM00356,15,6,970.0,2023-11-16,Preventivo,6.0,Ejecutado
PM00357,1,2,969.0,2023-11-17,Preventivo,3.0,Ejecutado
PM00358,16,7,,2023-11-21,Preventivo,5.0,Reprogramado
PM00359,13,10,995.0,2023-11-23,Predictivo,3.0,Ejecutado
PM00360,3,9,984.0,2023-11-23,Predictivo,3.0,Ejecutado
PM00361,5,8,985.0,2023-11-23,Predictivo,2.0,Ejecutado
PM00362,18,8,1005.0,2023-11-23,Predictivo,2.0,Ejecutado
PM00363,9,9,1007.0,2023-11-23,Predictivo,3.0,Ejecutado
PM00364,6,9,1004.0,2023-11-25,Predictivo,3.0,Ejecutado
PM00365,21,9,1006.0,2023-11-25,Predictivo,3.0,Ejecutado
PM00366,2,8,1014.0,2023-11-25,Predictivo,2.0,Ejecutado
PM00367,10,10,1000.0,2023-11-25,Predictivo,3.0,Ejecutado
PM00368,18,7,,2023-11-26,Preventivo,5.0,Reprogramado
PM00369,11,9,1012.0,2023-11-26,Predictivo,3.0,Ejecutado
PM00370,10,6,,2023-11-27,Preventivo,6.0,Reprogramado
PM00371,12,8,1011.0,2023-11-27,Predictivo,2.0,Ejecutado
PM00372,4,9,1013.0,2023-11-27,Predictivo,3.0,Ejecutado
PM00373,15,8,1018.0,2023-11-29,Predictivo,2.0,Ejecutado
PM00374,16,11,1035.0,2023-11-30,Predictivo,4.0,Ejecutado
PM00375,8,9,1040.0,2023-12-02,Predictivo,3.0,Ejecutado
PM00376,1,10,1037.0,2023-12-03,Predictivo,3.0,Ejecutado
PM00377,20,8,1046.0,2023-12-04,Predictivo,2.0,Ejecutado
PM00378,19,9,1039.0,2023-12-04,Predictivo,3.0,Ejecutado
PM00379,7,11,1050.0,2023-12-05,Predictivo,4.0,Ejecutado
PM00380,14,11,1043.0,2023-12-07,Predictivo,4.0,Ejecutado
PM00381,17,9,1047.0,2023-12-08,Predictivo,3.0,Ejecutado
PM00382,11,4,1055.0,2023-12-08,Preventivo,2.0,Ejecutado
PM00383,1,2,,2023-12-09,Preventivo,3.0,Reprogramado
PM00384,15,4,1064.0,2023-12-09,Preventivo,2.0,Ejecutado
PM00385,10,3,1071.0,2023-12-09,Preventivo,5.0,Ejecutado
PM00386,13,5,1072.0,2023-12-10,Preventivo,4.0,Ejecutado
PM00387,7,5,1063.0,2023-12-10,Preventivo,4.0,Ejecutado
PM00388,13,5,,2023-12-11,Preventivo,4.0,Cancelado
PM00389,6,3,1073.0,2023-12-11,Preventivo,5.0,Ejecutado
PM00390,16,6,1077.0,2023-12-12,Preventivo,6.0,Ejecutado
PM00391,18,5,1074.0,2023-12-13,Preventivo,4.0,Ejecutado
PM00392,17,1,1089.0,2023-12-13,Preventivo,4.0,Ejecutado
PM00393,12,4,1094.0,2023-12-14,Preventivo,2.0,Ejecutado
PM00394,20,7,1076.0,2023-12-14,Preventivo,5.0,Ejecutado
PM00395,14,6,1097.0,2023-12-14,Preventivo,6.0,Ejecutado
PM00396,8,2,,2023-12-16,Preventivo,3.0,Pendiente
PM00397,1,7,1091.0,2023-12-17,Preventivo,5.0,Ejecutado
PM00398,4,5,,2023-12-17,Preventivo,4.0,Cancelado
PM00399,5,5,1090.0,2023-12-17,Preventivo,4.0,Ejecutado
PM00400,19,5,,2023-12-18,Preventivo,4.0,Cancelado
PM00401,9,5,1102.0,2023-12-18,Preventivo,4.0,Ejecutado
PM00402,21,7,1101.0,2023-12-19,Preventivo,5.0,Ejecutado
PM00403,2,5,1104.0,2023-12-19,Preventivo,4.0,Ejecutado
PM00404,3,3,1106.0,2023-12-20,Preventivo,5.0,Ejecutado
PM00405,14,5,,2023-12-25,Preventivo,4.0,Cancelado
PM00406,4,6,,2023-12-29,Preventivo,6.0,Reprogramado
PM00407,16,4,,2024-01-07,Preventivo,2.0,Reprogramado
PM00408,20,6,1157.0,2024-01-09,Preventivo,6.0,Ejecutado
PM00409,6,5,1169.0,2024-01-11,Preventivo,4.0,Ejecutado
PM00410,4,4,1168.0,2024-01-11,Preventivo,2.0,Ejecutado
PM00411,17,6,1176.0,2024-01-13,Preventivo,6.0,Ejecutado
PM00412,7,4,1175.0,2024-01-13,Preventivo,2.0,Ejecutado
PM00413,19,3,1181.0,2024-01-14,Preventivo,5.0,Ejecutado
PM00414,12,5,1179.0,2024-01-15,Preventivo,4.0,Ejecutado
PM00415,9,4,,2024-01-15,Preventivo,2.0,Pendiente
PM00416,11,7,1180.0,2024-01-15,Preventivo,5.0,Ejecutado
PM00417,7,4,,2024-01-16,Preventivo,2.0,Cancelado
PM00418,3,4,1177.0,2024-01-16,Preventivo,2.0,Ejecutado
PM00419,21,6,1182.0,2024-01-16,Preventivo,6.0,Ejecutado
PM00420,18,1,1174.0,2024-01-16,Preventivo,4.0,Ejecutado
PM00421,5,10,1199.0,2024-01-17,Predictivo,3.0,Ejecutado
PM00422,1,2,1191.0,2024-01-17,Preventivo,3.0,Ejecutado
PM00423,16,7,1192.0,2024-01-17,Preventivo,5.0,Ejecutado
PM00424,3,3,,2024-01-17,Preventivo,5.0,Reprogramado
PM00425,5,3,1190.0,2024-01-17,Preventivo,5.0,Ejecutado
PM00426,14,2,1211.0,2024-01-18,Preventivo,3.0,Ejecutado
PM00427,13,6,1196.0,2024-01-19,Preventivo,6.0,Ejecutado
PM00428,8,9,1201.0,2024-01-19,Predictivo,3.0,Ejecutado
PM00429,11,10,1203.0,2024-01-19,Predictivo,3.0,Ejecutado
PM00430,12,11,1212.0,2024-01-19,Predictivo,4.0,Ejecutado
PM00431,10,7,,2024-01-20,Preventivo,5.0,Pendiente
PM00432,17,10,1209.0,2024-01-21,Predictivo,3.0,Ejecutado
PM00433,16,10,1202.0,2024-01-21,Predictivo,3.0,Ejecutado
PM00434,15,7,1204.0,2024-01-21,Preventivo,5.0,Ejecutado
PM00435,2,2,1208.0,2024-01-21,Preventivo,3.0,Ejecutado
PM00436,13,11,1218.0,2024-01-21,Predictivo,4.0,Ejecutado
PM00437,2,11,1215.0,2024-01-21,Predictivo,4.0,Ejecutado
PM00438,8,4,1200.0,2024-01-21,Preventivo,2.0,Ejecutado
PM00439,12,7,,2024-01-24,Preventivo,5.0,Reprogramado
PM00440,15,9,1219.0,2024-01-25,Predictivo,3.0,Ejecutado
PM00441,10,11,1228.0,2024-01-25,Predictivo,4.0,Ejecutado
PM00442,9,10,1220.0,2024-01-26,Predictivo,3.0,Ejecutado
PM00443,4,9,1221.0,2024-01-26,Predictivo,3.0,Ejecutado
PM00444,20,1,,2024-01-28,Preventivo,4.0,Reprogramado
PM00445,2,1,,2024-01-28,Preventivo,4.0,Reprogramado
PM00446,19,9,1239.0,2024-01-30,Predictivo,3.0,Ejecutado
PM00447,20,11,1244.0,2024-02-01,Predictivo,4.0,Ejecutado
PM00448,7,9,1248.0,2024-02-01,Predictivo,3.0,Ejecutado
PM00449,18,8,1251.0,2024-02-01,Predictivo,2.0,Ejecutado
PM00450,14,8,1243.0,2024-02-02,Predictivo,2.0,Ejecutado
PM00451,21,10,1252.0,2024-02-04,Predictivo,3.0,Ejecutado
PM00452,1,11,1257.0,2024-02-05,Predictivo,4.0,Ejecutado
PM00453,3,9,1263.0,2024-02-05,Predictivo,3.0,Ejecutado
PM00454,6,9,1260.0,2024-02-06,Predictivo,3.0,Ejecutado
PM00455,17,7,,2024-02-07,Preventivo,5.0,Reprogramado
PM00456,7,1,,2024-02-09,Preventivo,4.0,Pendiente
PM00457,16,7,,2024-02-10,Preventivo,5.0,Pendiente
PM00458,10,5,1295.0,2024-02-13,Preventivo,4.0,Ejecutado
PM00459,6,6,1280.0,2024-02-13,Preventivo,6.0,Ejecutado
PM00460,3,3,1294.0,2024-02-14,Preventivo,5.0,Ejecutado
PM00461,1,5,1301.0,2024-02-14,Preventivo,4.0,Ejecutado
PM00462,18,5,1303.0,2024-02-14,Preventivo,4.0,Ejecutado
PM00463,21,2,,2024-02-15,Preventivo,3.0,Cancelado
PM00464,15,2,1288.0,2024-02-15,Preventivo,3.0,Ejecutado
PM00465,2,4,1289.0,2024-02-15,Preventivo,2.0,Ejecutado
PM00466,11,2,,2024-02-15,Preventivo,3.0,Reprogramado
PM00467,19,7,1293.0,2024-02-16,Preventivo,5.0,Ejecutado
PM00468,17,7,1314.0,2024-02-16,Preventivo,5.0,Ejecutado
PM00469,20,4,1317.0,2024-02-17,Preventivo,2.0,Ejecutado
PM00470,9,5,1309.0,2024-02-17,Preventivo,4.0,Ejecutado
PM00471,21,3,,2024-02-17,Preventivo,5.0,Cancelado
PM00472,7,4,,2024-02-18,Preventivo,2.0,Reprogramado
PM00473,18,3,,2024-02-18,Preventivo,5.0,Reprogramado
PM00474,5,4,,2024-02-18,Preventivo,2.0,Cancelado
PM00475,13,7,1324.0,2024-02-19,Preventivo,5.0,Ejecutado
PM00476,14,6,1319.0,2024-02-20,Preventivo,6.0,Ejecutado
PM00477,8,2,1313.0,2024-02-20,Preventivo,3.0,Ejecutado
PM00478,14,5,,2024-02-20,Preventivo,4.0,Cancelado
PM00479,12,16,,2024-02-20,Mayor,60.0,Pendiente
PM00480,12,2,1328.0,2024-02-21,Preventivo,3.0,Ejecutado
PM00481,4,6,1323.0,2024-02-21,Preventivo,6.0,Ejecutado
PM00482,7,4,1322.0,2024-02-21,Preventivo,2.0,Ejecutado
PM00483,11,6,1334.0,2024-02-22,Preventivo,6.0,Ejecutado
PM00484,16,6,1329.0,2024-02-22,Preventivo,6.0,Ejecutado
PM00485,1,6,,2024-02-25,Preventivo,6.0,Reprogramado
PM00486,19,5,,2024-03-08,Preventivo,4.0,Pendiente
PM00487,20,3,1379.0,2024-03-15,Preventivo,5.0,Ejecutado
PM00488,6,3,1380.0,2024-03-16,Preventivo,5.0,Ejecutado
PM00489,7,7,1385.0,2024-03-17,Preventivo,5.0,Ejecutado
PM00490,21,1,,2024-03-18,Preventivo,4.0,Cancelado
PM00491,2,2,1381.0,2024-03-19,Preventivo,3.0,Ejecutado
PM00492,14,1,1400.0,2024-03-19,Preventivo,4.0,Ejecutado
PM00493,17,6,1384.0,2024-03-20,Preventivo,6.0,Ejecutado
PM00494,13,2,1399.0,2024-03-21,Preventivo,3.0,Ejecutado
PM00495,1,7,1392.0,2024-03-21,Preventivo,5.0,Ejecutado
PM00496,10,2,1414.0,2024-03-21,Preventivo,3.0,Ejecutado
PM00497,12,3,1389.0,2024-03-21,Preventivo,5.0,Ejecutado
PM00498,5,1,1410.0,2024-03-21,Preventivo,4.0,Ejecutado
PM00499,8,3,1393.0,2024-03-21,Preventivo,5.0,Ejecutado
PM00500,3,7,1409.0,2024-03-21,Preventivo,5.0,Ejecutado
PM00501,11,11,1403.0,2024-03-22,Predictivo,4.0,Ejecutado
PM00502,16,10,1402.0,2024-03-22,Predictivo,3.0,Ejecutado
PM00503,8,9,1401.0,2024-03-23,Predictivo,3.0,Ejecutado
PM00504,14,8,1408.0,2024-03-23,Predictivo,2.0,Ejecutado
PM00505,15,7,1407.0,2024-03-24,Preventivo,5.0,Ejecutado
PM00506,16,2,1430.0,2024-03-24,Preventivo,3.0,Ejecutado
PM00507,18,1,1425.0,2024-03-24,Preventivo,4.0,Ejecutado
PM00508,19,3,1424.0,2024-03-24,Preventivo,5.0,Ejecutado
PM00509,20,7,,2024-03-24,Preventivo,5.0,Reprogramado
PM00510,11,5,1416.0,2024-03-25,Preventivo,4.0,Ejecutado
PM00511,4,7,1415.0,2024-03-25,Preventivo,5.0,Ejecutado
PM00512,9,6,1429.0,2024-03-26,Preventivo,6.0,Ejecutado
PM00513,18,10,1428.0,2024-03-26,Predictivo,3.0,Ejecutado
PM00514,17,10,1422.0,2024-03-27,Predictivo,3.0,Ejecutado
PM00515,1,8,1423.0,2024-03-27,Predictivo,2.0,Ejecutado
PM00516,15,11,1441.0,2024-03-27,Predictivo,4.0,Ejecutado
PM00517,21,11,1453.0,2024-03-31,Predictivo,4.0,Ejecutado
PM00518,9,8,1454.0,2024-03-31,Predictivo,2.0,Ejecutado
PM00519,20,11,1455.0,2024-03-31,Predictivo,4.0,Ejecutado
PM00520,12,11,1448.0,2024-04-01,Predictivo,4.0,Ejecutado
PM00521,4,9,,2024-04-01,Predictivo,3.0,Cancelado
PM00522,5,9,1456.0,2024-04-02,Predictivo,3.0,Ejecutado
PM00523,19,9,,2024-04-04,Predictivo,3.0,Cancelado
PM00524,13,11,1462.0,2024-04-04,Predictivo,4.0,Ejecutado
PM00525,9,2,,2024-04-04,Preventivo,3.0,Pendiente
PM00526,2,8,1463.0,2024-04-05,Predictivo,2.0,Ejecutado
PM00527,3,9,1464.0,2024-04-05,Predictivo,3.0,Ejecutado
PM00528,7,10,1468.0,2024-04-05,Predictivo,3.0,Ejecutado
PM00529,10,9,1469.0,2024-04-05,Predictivo,3.0,Ejecutado
PM00530,7,6,,2024-04-06,Preventivo,6.0,Cancelado
PM00531,6,11,1475.0,2024-04-07,Predictivo,4.0,Ejecutado
PM00532,13,4,1514.0,2024-04-20,Preventivo,2.0,Ejecutado
PM00533,12,2,,2024-04-21,Preventivo,3.0,Reprogramado
PM00534,2,6,1515.0,2024-04-21,Preventivo,6.0,Ejecutado
PM00535,14,5,1510.0,2024-04-22,Preventivo,4.0,Ejecutado
PM00536,20,7,1522.0,2024-04-23,Preventivo,5.0,Ejecutado
PM00537,21,4,1519.0,2024-04-23,Preventivo,2.0,Ejecutado
PM00538,4,2,1525.0,2024-04-23,Preventivo,3.0,Ejecutado
PM00539,19,5,1526.0,2024-04-24,Preventivo,4.0,Ejecutado
PM00540,17,1,1520.0,2024-04-24,Preventivo,4.0,Ejecutado
PM00541,8,7,1523.0,2024-04-24,Preventivo,5.0,Ejecutado
PM00542,16,6,1527.0,2024-04-25,Preventivo,6.0,Ejecutado
PM00543,1,3,1532.0,2024-04-25,Preventivo,5.0,Ejecutado
PM00544,18,4,1541.0,2024-04-26,Preventivo,2.0,Ejecutado
PM00545,9,4,1540.0,2024-04-26,Preventivo,2.0,Ejecutado
PM00546,7,5,1528.0,2024-04-26,Preventivo,4.0,Ejecutado
PM00547,6,5,,2024-04-27,Preventivo,4.0,Cancelado
PM00548,5,7,1535.0,2024-04-27,Preventivo,5.0,Ejecutado
PM00549,10,6,1534.0,2024-04-27,Preventivo,6.0,Ejecutado
PM00550,15,1,1538.0,2024-04-28,Preventivo,4.0,Ejecutado
PM00551,10,1,,2024-04-28,Preventivo,4.0,Pendiente
PM00552,11,7,,2024-04-28,Preventivo,5.0,Pendiente
PM00553,12,1,1544.0,2024-04-28,Preventivo,4.0,Ejecutado
PM00554,3,3,1539.0,2024-04-29,Preventivo,5.0,Ejecutado
PM00555,6,7,,2024-05-01,Preventivo,5.0,Cancelado
PM00556,12,7,,2024-05-03,Preventivo,5.0,Pendiente
PM00557,15,3,,2024-05-17,Preventivo,5.0,Reprogramado
PM00558,14,11,1596.0,2024-05-21,Predictivo,4.0,Ejecutado
PM00559,9,10,1611.0,2024-05-21,Predictivo,3.0,Ejecutado
PM00560,10,2,1598.0,2024-05-22,Preventivo,3.0,Ejecutado
PM00561,16,7,1614.0,2024-05-22,Preventivo,5.0,Ejecutado
PM00562,21,11,1609.0,2024-05-22,Predictivo,4.0,Ejecutado
PM00563,7,4,1607.0,2024-05-23,Preventivo,2.0,Ejecutado
PM00564,3,8,1600.0,2024-05-23,Predictivo,2.0,Ejecutado
PM00565,3,2,1599.0,2024-05-23,Preventivo,3.0,Ejecutado
PM00566,13,7,1601.0,2024-05-24,Preventivo,5.0,Ejecutado
PM00567,6,10,1621.0,2024-05-24,Predictivo,3.0,Ejecutado
PM00568,5,10,1610.0,2024-05-25,Predictivo,3.0,Ejecutado
PM00569,15,1,1622.0,2024-05-25,Preventivo,4.0,Ejecutado
PM00570,5,5,1608.0,2024-05-25,Preventivo,4.0,Ejecutado
PM00571,17,10,1613.0,2024-05-26,Predictivo,3.0,Ejecutado
PM00572,11,8,1620.0,2024-05-26,Predictivo,2.0,Ejecutado
PM00573,21,4,1629.0,2024-05-26,Preventivo,2.0,Ejecutado
PM00574,12,2,1630.0,2024-05-27,Preventivo,3.0,Ejecutado
PM00575,8,1,1625.0,2024-05-28,Preventivo,4.0,Ejecutado
PM00576,17,4,1640.0,2024-05-28,Preventivo,2.0,Ejecutado
PM00577,2,5,1649.0,2024-05-28,Preventivo,4.0,Ejecutado
PM00578,6,5,1654.0,2024-05-29,Preventivo,4.0,Ejecutado
PM00579,11,7,1642.0,2024-05-29,Preventivo,5.0,Ejecutado
PM00580,1,2,1647.0,2024-05-29,Preventivo,3.0,Ejecutado
PM00581,10,8,1652.0,2024-05-29,Predictivo,2.0,Ejecutado
PM00582,14,4,1636.0,2024-05-30,Preventivo,2.0,Ejecutado
PM00583,8,8,1648.0,2024-05-31,Predictivo,2.0,Ejecutado
PM00584,12,8,1657.0,2024-05-31,Predictivo,2.0,Ejecutado
PM00585,18,3,1653.0,2024-05-31,Preventivo,5.0,Ejecutado
PM00586,19,4,1659.0,2024-05-31,Preventivo,2.0,Ejecutado
PM00587,20,1,1641.0,2024-05-31,Preventivo,4.0,Ejecutado
PM00588,1,9,1651.0,2024-06-01,Predictivo,3.0,Ejecutado
PM00589,9,5,1650.0,2024-06-01,Preventivo,4.0,Ejecutado
PM00590,4,11,1660.0,2024-06-02,Predictivo,4.0,Ejecutado
PM00591,4,4,1658.0,2024-06-03,Preventivo,2.0,Ejecutado
PM00592,18,11,1667.0,2024-06-04,Predictivo,4.0,Ejecutado
PM00593,7,9,1664.0,2024-06-04,Predictivo,3.0,Ejecutado
PM00594,19,11,1679.0,2024-06-04,Predictivo,4.0,Ejecutado
PM00595,13,11,,2024-06-04,Predictivo,4.0,Cancelado
PM00596,16,10,1668.0,2024-06-05,Predictivo,3.0,Ejecutado
PM00597,15,10,1682.0,2024-06-06,Predictivo,3.0,Ejecutado
PM00598,2,9,1671.0,2024-06-07,Predictivo,3.0,Ejecutado
PM00599,20,10,1678.0,2024-06-08,Predictivo,3.0,Ejecutado
PM00600,3,4,,2024-06-14,Preventivo,2.0,Cancelado
PM00601,12,5,,2024-06-20,Preventivo,4.0,Reprogramado
PM00602,1,2,,2024-06-21,Preventivo,3.0,Pendiente
PM00603,12,4,1728.0,2024-06-23,Preventivo,2.0,Ejecutado
PM00604,20,6,,2024-06-23,Preventivo,6.0,Pendiente
PM00605,7,1,1729.0,2024-06-24,Preventivo,4.0,Ejecutado
PM00606,13,3,1734.0,2024-06-24,Preventivo,5.0,Ejecutado
PM00607,20,1,1733.0,2024-06-25,Preventivo,4.0,Ejecutado
PM00608,19,6,1726.0,2024-06-26,Preventivo,6.0,Ejecutado
PM00609,18,3,1732.0,2024-06-27,Preventivo,5.0,Ejecutado
PM00610,4,2,1739.0,2024-06-28,Preventivo,3.0,Ejecutado
PM00611,5,2,,2024-06-29,Preventivo,3.0,Cancelado
PM00612,19,2,,2024-06-29,Preventivo,3.0,Pendiente
PM00613,14,3,1747.0,2024-06-29,Preventivo,5.0,Ejecutado
PM00614,17,3,1743.0,2024-06-29,Preventivo,5.0,Ejecutado
PM00615,14,2,,2024-06-30,Preventivo,3.0,Reprogramado
PM00616,1,6,1758.0,2024-06-30,Preventivo,6.0,Ejecutado
PM00617,21,5,1749.0,2024-07-01,Preventivo,4.0,Ejecutado
PM00618,2,2,1752.0,2024-07-01,Preventivo,3.0,Ejecutado
PM00619,16,6,1753.0,2024-07-01,Preventivo,6.0,Ejecutado
PM00620,8,6,1756.0,2024-07-01,Preventivo,6.0,Ejecutado
PM00621,9,6,1761.0,2024-07-01,Preventivo,6.0,Ejecutado
PM00622,10,4,1755.0,2024-07-02,Preventivo,2.0,Ejecutado
PM00623,10,2,,2024-07-02,Preventivo,3.0,Cancelado
PM00624,6,2,1757.0,2024-07-03,Preventivo,3.0,Ejecutado
PM00625,15,4,1759.0,2024-07-03,Preventivo,2.0,Ejecutado
PM00626,3,3,1767.0,2024-07-04,Preventivo,5.0,Ejecutado
PM00627,11,4,,2024-07-06,Preventivo,2.0,Cancelado
PM00628,13,6,,2024-07-08,Preventivo,6.0,Pendiente
PM00629,21,3,,2024-07-09,Preventivo,5.0,Pendiente
PM00630,1,1,,2024-07-10,Preventivo,4.0,Reprogramado
PM00631,2,7,,2024-07-13,Preventivo,5.0,Pendiente
PM00632,3,10,1804.0,2024-07-21,Predictivo,3.0,Ejecutado
PM00633,8,8,1814.0,2024-07-23,Predictivo,2.0,Ejecutado
PM00634,2,9,1818.0,2024-07-24,Predictivo,3.0,Ejecutado
PM00635,5,5,,2024-07-24,Preventivo,4.0,Cancelado
PM00636,6,8,1811.0,2024-07-24,Predictivo,2.0,Ejecutado
PM00637,4,10,1812.0,2024-07-25,Predictivo,3.0,Ejecutado
PM00638,12,11,1815.0,2024-07-25,Predictivo,4.0,Ejecutado
PM00639,10,9,1823.0,2024-07-25,Predictivo,3.0,Ejecutado
PM00640,13,9,1825.0,2024-07-25,Predictivo,3.0,Ejecutado
PM00641,7,8,1819.0,2024-07-26,Predictivo,2.0,Ejecutado
PM00642,21,9,1822.0,2024-07-26,Predictivo,3.0,Ejecutado
PM00643,3,6,,2024-07-27,Preventivo,6.0,Cancelado
PM00644,10,1,,2024-07-27,Preventivo,4.0,Cancelado
PM00645,4,7,1830.0,2024-07-27,Preventivo,5.0,Ejecutado
PM00646,5,11,1832.0,2024-07-28,Predictivo,4.0,Ejecutado
PM00647,14,2,1836.0,2024-07-28,Preventivo,3.0,Ejecutado
PM00648,16,6,1821.0,2024-07-28,Preventivo,6.0,Ejecutado
PM00649,18,8,1824.0,2024-07-28,Predictivo,2.0,Ejecutado
PM00650,7,3,1838.0,2024-07-29,Preventivo,5.0,Ejecutado
PM00651,2,1,1831.0,2024-07-29,Preventivo,4.0,Ejecutado
PM00652,21,6,1839.0,2024-07-30,Preventivo,6.0,Ejecutado
PM00653,9,11,1835.0,2024-07-30,Predictivo,4.0,Ejecutado
PM00654,1,2,1845.0,2024-07-31,Preventivo,3.0,Ejecutado
PM00655,16,8,1848.0,2024-07-31,Predictivo,2.0,Ejecutado
PM00656,19,8,1852.0,2024-07-31,Predictivo,2.0,Ejecutado
PM00657,10,5,1853.0,2024-08-01,Preventivo,4.0,Ejecutado
PM00658,6,18,1840.0,2024-08-01,Mayor,120.0,Ejecutado
PM00659,18,7,,2024-08-01,Preventivo,5.0,Cancelado
PM00660,13,5,1851.0,2024-08-01,Preventivo,4.0,Ejecutado
PM00661,17,3,1860.0,2024-08-02,Preventivo,5.0,Ejecutado
PM00662,12,7,,2024-08-02,Preventivo,5.0,Cancelado
PM00663,11,9,1858.0,2024-08-02,Predictivo,3.0,Ejecutado
PM00664,18,7,,2024-08-02,Preventivo,5.0,Reprogramado
PM00665,19,5,1843.0,2024-08-02,Preventivo,4.0,Ejecutado
PM00666,1,11,1850.0,2024-08-02,Predictivo,4.0,Ejecutado
PM00667,15,10,1864.0,2024-08-03,Predictivo,3.0,Ejecutado
PM00668,15,5,1849.0,2024-08-03,Preventivo,4.0,Ejecutado
PM00669,5,2,1847.0,2024-08-03,Preventivo,3.0,Ejecutado
PM00670,8,2,1868.0,2024-08-04,Preventivo,3.0,Ejecutado
PM00671,11,7,1865.0,2024-08-04,Preventivo,5.0,Ejecutado
PM00672,17,11,1875.0,2024-08-05,Predictivo,4.0,Ejecutado
PM00673,10,1,,2024-08-05,Preventivo,4.0,Pendiente
PM00674,9,3,1859.0,2024-08-05,Preventivo,5.0,Ejecutado
PM00675,20,10,1863.0,2024-08-06,Predictivo,3.0,Ejecutado
PM00676,6,5,1861.0,2024-08-06,Preventivo,4.0,Ejecutado
PM00677,14,10,1869.0,2024-08-06,Predictivo,3.0,Ejecutado
PM00678,20,5,1862.0,2024-08-07,Preventivo,4.0,Ejecutado
PM00679,3,15,1874.0,2024-08-09,Mayor,80.0,Ejecutado
PM00680,18,3,,2024-08-17,Preventivo,5.0,Pendiente
PM00681,13,3,,2024-08-20,Preventivo,5.0,Reprogramado
PM00682,14,2,1921.0,2024-08-27,Preventivo,3.0,Ejecutado
PM00683,1,1,1923.0,2024-08-28,Preventivo,4.0,Ejecutado
PM00684,2,5,,2024-08-28,Preventivo,4.0,Cancelado
PM00685,21,3,1924.0,2024-08-30,Preventivo,5.0,Ejecutado
PM00686,8,7,1933.0,2024-08-30,Preventivo,5.0,Ejecutado
PM00687,9,1,1934.0,2024-08-30,Preventivo,4.0,Ejecutado
PM00688,19,5,1925.0,2024-08-31,Preventivo,4.0,Ejecutado
PM00689,20,3,1926.0,2024-08-31,Preventivo,5.0,Ejecutado
PM00690,13,4,1922.0,2024-08-31,Preventivo,2.0,Ejecutado
PM00691,16,5,,2024-09-03,Preventivo,4.0,Cancelado
PM00692,10,2,1961.0,2024-09-03,Preventivo,3.0,Ejecutado
PM00693,4,3,1944.0,2024-09-04,Preventivo,5.0,Ejecutado
PM00694,12,5,1952.0,2024-09-05,Preventivo,4.0,Ejecutado
PM00695,15,1,1965.0,2024-09-05,Preventivo,4.0,Ejecutado
PM00696,3,7,1958.0,2024-09-06,Preventivo,5.0,Ejecutado
PM00697,7,2,1959.0,2024-09-06,Preventivo,3.0,Ejecutado
PM00698,18,1,1966.0,2024-09-06,Preventivo,4.0,Ejecutado
PM00699,11,7,1960.0,2024-09-07,Preventivo,5.0,Ejecutado
PM00700,17,7,1971.0,2024-09-07,Preventivo,5.0,Ejecutado
PM00701,5,7,1967.0,2024-09-07,Preventivo,5.0,Ejecutado
PM00702,6,6,,2024-09-09,Preventivo,6.0,Cancelado
PM00703,9,7,,2024-09-16,Preventivo,5.0,Reprogramado
PM00704,20,5,,2024-09-17,Preventivo,4.0,Pendiente
PM00705,10,9,2001.0,2024-09-20,Predictivo,3.0,Ejecutado
PM00706,14,8,2002.0,2024-09-20,Predictivo,2.0,Ejecutado
PM00707,21,8,2003.0,2024-09-20,Predictivo,2.0,Ejecutado
PM00708,19,8,2005.0,2024-09-20,Predictivo,2.0,Ejecutado
PM00709,7,9,2006.0,2024-09-20,Predictivo,3.0,Ejecutado
PM00710,9,11,2014.0,2024-09-24,Predictivo,4.0,Ejecutado
PM00711,20,11,,2024-09-24,Predictivo,4.0,Cancelado
PM00712,17,9,2013.0,2024-09-24,Predictivo,3.0,Ejecutado
PM00713,8,11,2025.0,2024-09-25,Predictivo,4.0,Ejecutado
PM00714,15,10,2019.0,2024-09-26,Predictivo,3.0,Ejecutado
PM00715,5,11,,2024-09-26,Predictivo,4.0,Cancelado
PM00716,2,11,2030.0,2024-09-29,Predictivo,4.0,Ejecutado
PM00717,13,10,2036.0,2024-09-30,Predictivo,3.0,Ejecutado
PM00718,3,1,2046.0,2024-09-30,Preventivo,4.0,Ejecutado
PM00719,16,8,2041.0,2024-10-01,Predictivo,2.0,Ejecutado
PM00720,6,9,2053.0,2024-10-02,Predictivo,3.0,Ejecutado
PM00721,10,5,2049.0,2024-10-02,Preventivo,4.0,Ejecutado
PM00722,15,7,,2024-10-02,Preventivo,5.0,Reprogramado
PM00723,11,10,,2024-10-03,Predictivo,3.0,Cancelado
PM00724,12,9,2048.0,2024-10-04,Predictivo,3.0,Ejecutado
PM00725,6,4,2047.0,2024-10-04,Preventivo,2.0,Ejecutado
PM00726,18,10,2067.0,2024-10-04,Predictivo,3.0,Ejecutado
PM00727,12,1,2055.0,2024-10-04,Preventivo,4.0,Ejecutado
PM00728,1,3,2057.0,2024-10-04,Preventivo,5.0,Ejecutado
PM00729,2,1,2066.0,2024-10-04,Preventivo,4.0,Ejecutado
PM00730,1,11,2060.0,2024-10-05,Predictivo,4.0,Ejecutado
PM00731,9,3,2064.0,2024-10-05,Preventivo,5.0,Ejecutado
PM00732,4,3,2056.0,2024-10-06,Preventivo,5.0,Ejecutado
PM00733,4,10,2059.0,2024-10-06,Predictivo,3.0,Ejecutado
PM00734,18,7,2063.0,2024-10-06,Preventivo,5.0,Ejecutado
PM00735,3,11,2072.0,2024-10-06,Predictivo,4.0,Ejecutado
PM00736,7,2,2065.0,2024-10-08,Preventivo,3.0,Ejecutado
PM00737,21,2,2073.0,2024-10-09,Preventivo,3.0,Ejecutado
PM00738,11,1,2075.0,2024-10-09,Preventivo,4.0,Ejecutado
PM00739,8,1,2074.0,2024-10-10,Preventivo,4.0,Ejecutado
PM00740,19,3,2076.0,2024-10-10,Preventivo,5.0,Ejecutado
PM00741,5,6,2080.0,2024-10-10,Preventivo,6.0,Ejecutado
PM00742,14,6,2086.0,2024-10-10,Preventivo,6.0,Ejecutado
PM00743,17,3,2089.0,2024-10-10,Preventivo,5.0,Ejecutado
PM00744,20,5,2085.0,2024-10-11,Preventivo,4.0,Ejecutado
PM00745,13,3,2084.0,2024-10-12,Preventivo,5.0,Ejecutado
PM00746,15,4,2093.0,2024-10-12,Preventivo,2.0,Ejecutado
PM00747,16,4,2094.0,2024-10-13,Preventivo,2.0,Ejecutado
PM00748,20,3,,2024-10-30,Preventivo,5.0,Reprogramado
PM00749,4,2,2147.0,2024-11-05,Preventivo,3.0,Ejecutado
PM00750,21,6,2154.0,2024-11-05,Preventivo,6.0,Ejecutado
PM00751,16,1,2155.0,2024-11-05,Preventivo,4.0,Ejecutado
PM00752,1,2,2151.0,2024-11-08,Preventivo,3.0,Ejecutado
PM00753,12,5,2161.0,2024-11-08,Preventivo,4.0,Ejecutado
PM00754,14,7,2153.0,2024-11-08,Preventivo,5.0,Ejecutado
PM00755,9,1,2159.0,2024-11-08,Preventivo,4.0,Ejecutado
PM00756,18,7,,2024-11-09,Preventivo,5.0,Reprogramado
PM00757,5,5,,2024-11-09,Preventivo,4.0,Cancelado
PM00758,2,7,2166.0,2024-11-09,Preventivo,5.0,Ejecutado
PM00759,17,5,2158.0,2024-11-09,Preventivo,4.0,Ejecutado
PM00760,20,2,2170.0,2024-11-10,Preventivo,3.0,Ejecutado
PM00761,10,1,2163.0,2024-11-10,Preventivo,4.0,Ejecutado
PM00762,7,7,2162.0,2024-11-11,Preventivo,5.0,Ejecutado
PM00763,5,6,2160.0,2024-11-11,Preventivo,6.0,Ejecutado
PM00764,3,7,2171.0,2024-11-11,Preventivo,5.0,Ejecutado
PM00765,6,6,2176.0,2024-11-11,Preventivo,6.0,Ejecutado
PM00766,8,2,,2024-11-12,Preventivo,3.0,Pendiente
PM00767,19,1,2167.0,2024-11-12,Preventivo,4.0,Ejecutado
PM00768,15,3,,2024-11-12,Preventivo,5.0,Cancelado
PM00769,13,4,2180.0,2024-11-13,Preventivo,2.0,Ejecutado
PM00770,18,6,2181.0,2024-11-13,Preventivo,6.0,Ejecutado
PM00771,11,2,2182.0,2024-11-15,Preventivo,3.0,Ejecutado
PM00772,6,11,2200.0,2024-11-20,Predictivo,4.0,Ejecutado
PM00773,8,10,2199.0,2024-11-21,Predictivo,3.0,Ejecutado
PM00774,4,8,2209.0,2024-11-22,Predictivo,2.0,Ejecutado
PM00775,2,11,,2024-11-23,Predictivo,4.0,Cancelado
PM00776,7,8,2220.0,2024-11-23,Predictivo,2.0,Ejecutado
PM00777,16,11,2217.0,2024-11-25,Predictivo,4.0,Ejecutado
PM00778,18,8,2235.0,2024-11-26,Predictivo,2.0,Ejecutado
PM00779,11,11,2226.0,2024-11-26,Predictivo,4.0,Ejecutado
PM00780,3,11,2231.0,2024-11-27,Predictivo,4.0,Ejecutado
PM00781,17,11,2225.0,2024-11-28,Predictivo,4.0,Ejecutado
PM00782,21,9,2246.0,2024-11-28,Predictivo,3.0,Ejecutado
PM00783,12,9,2237.0,2024-11-29,Predictivo,3.0,Ejecutado
PM00784,5,9,2252.0,2024-11-30,Predictivo,3.0,Ejecutado
PM00785,15,8,2236.0,2024-11-30,Predictivo,2.0,Ejecutado
PM00786,9,11,2241.0,2024-11-30,Predictivo,4.0,Ejecutado
PM00787,10,11,2249.0,2024-12-01,Predictivo,4.0,Ejecutado
PM00788,1,11,2254.0,2024-12-01,Predictivo,4.0,Ejecutado
PM00789,13,10,2264.0,2024-12-02,Predictivo,3.0,Ejecutado
PM00790,20,11,2250.0,2024-12-02,Predictivo,4.0,Ejecutado
PM00791,19,9,2253.0,2024-12-02,Predictivo,3.0,Ejecutado
PM00792,14,9,2263.0,2024-12-03,Predictivo,3.0,Ejecutado
PM00793,16,1,,2024-12-05,Preventivo,4.0,Cancelado
PM00794,14,7,2283.0,2024-12-07,Preventivo,5.0,Ejecutado
PM00795,6,3,2284.0,2024-12-08,Preventivo,5.0,Ejecutado
PM00796,1,4,2282.0,2024-12-08,Preventivo,2.0,Ejecutado
PM00797,4,3,2277.0,2024-12-09,Preventivo,5.0,Ejecutado
PM00798,16,5,,2024-12-09,Preventivo,4.0,Pendiente
PM00799,5,2,,2024-12-09,Preventivo,3.0,Reprogramado
PM00800,9,2,2285.0,2024-12-10,Preventivo,3.0,Ejecutado
PM00801,8,3,2290.0,2024-12-10,Preventivo,5.0,Ejecutado
PM00802,19,7,2292.0,2024-12-11,Preventivo,5.0,Ejecutado
PM00803,13,5,2304.0,2024-12-12,Preventivo,4.0,Ejecutado
PM00804,10,4,2291.0,2024-12-12,Preventivo,2.0,Ejecutado
PM00805,21,4,2315.0,2024-12-13,Preventivo,2.0,Ejecutado
PM00806,12,2,2303.0,2024-12-13,Preventivo,3.0,Ejecutado
PM00807,5,3,2302.0,2024-12-13,Preventivo,5.0,Ejecutado
PM00808,11,4,2301.0,2024-12-13,Preventivo,2.0,Ejecutado
PM00809,18,3,2300.0,2024-12-13,Preventivo,5.0,Ejecutado
PM00810,17,3,2297.0,2024-12-13,Preventivo,5.0,Ejecutado
PM00811,7,2,2319.0,2024-12-14,Preventivo,3.0,Ejecutado
PM00812,15,5,2313.0,2024-12-15,Preventivo,4.0,Ejecutado
PM00813,18,18,2314.0,2024-12-15,Mayor,120.0,Ejecutado
PM00814,20,4,2312.0,2024-12-16,Preventivo,2.0,Ejecutado
PM00815,2,5,,2024-12-16,Preventivo,4.0,Cancelado
PM00816,3,7,2322.0,2024-12-16,Preventivo,5.0,Ejecutado
PM00817,11,5,,2024-12-23,Preventivo,4.0,Reprogramado
PM00818,12,6,,2024-12-25,Preventivo,6.0,Cancelado
PM00819,15,5,,2024-12-26,Preventivo,4.0,Cancelado
PM00820,5,3,,2024-12-31,Preventivo,5.0,Reprogramado
PM00821,17,4,2378.0,2025-01-09,Preventivo,2.0,Ejecutado
PM00822,20,2,2381.0,2025-01-10,Preventivo,3.0,Ejecutado
PM00823,13,6,2384.0,2025-01-10,Preventivo,6.0,Ejecutado
PM00824,19,5,2380.0,2025-01-11,Preventivo,4.0,Ejecutado
PM00825,18,6,2372.0,2025-01-12,Preventivo,6.0,Ejecutado
PM00826,8,1,,2025-01-13,Preventivo,4.0,Cancelado
PM00827,9,16,2382.0,2025-01-13,Mayor,60.0,Ejecutado
PM00828,7,3,2383.0,2025-01-13,Preventivo,5.0,Ejecutado
PM00829,5,4,,2025-01-13,Preventivo,2.0,Pendiente
PM00830,16,7,2386.0,2025-01-14,Preventivo,5.0,Ejecutado
PM00831,9,6,2400.0,2025-01-14,Preventivo,6.0,Ejecutado
PM00832,21,2,2395.0,2025-01-14,Preventivo,3.0,Ejecutado
PM00833,6,7,2392.0,2025-01-16,Preventivo,5.0,Ejecutado
PM00834,14,5,2398.0,2025-01-16,Preventivo,4.0,Ejecutado
PM00835,15,2,,2025-01-17,Preventivo,3.0,Pendiente
PM00836,2,4,2394.0,2025-01-17,Preventivo,2.0,Ejecutado
PM00837,12,1,2411.0,2025-01-17,Preventivo,4.0,Ejecutado
PM00838,1,1,2399.0,2025-01-18,Preventivo,4.0,Ejecutado
PM00839,8,6,2403.0,2025-01-18,Preventivo,6.0,Ejecutado
PM00840,5,3,2404.0,2025-01-18,Preventivo,5.0,Ejecutado
PM00841,15,6,2402.0,2025-01-19,Preventivo,6.0,Ejecutado
PM00842,11,6,2416.0,2025-01-19,Preventivo,6.0,Ejecutado
PM00843,4,3,2408.0,2025-01-20,Preventivo,5.0,Ejecutado
PM00844,10,4,2418.0,2025-01-20,Preventivo,2.0,Ejecutado
PM00845,3,7,2417.0,2025-01-22,Preventivo,5.0,Ejecutado
PM00846,20,11,2436.0,2025-01-23,Predictivo,4.0,Ejecutado
PM00847,6,8,2422.0,2025-01-23,Predictivo,2.0,Ejecutado
PM00848,2,10,2429.0,2025-01-23,Predictivo,3.0,Ejecutado
PM00849,15,11,,2025-01-24,Predictivo,4.0,Cancelado
PM00850,12,10,2431.0,2025-01-25,Predictivo,3.0,Ejecutado
PM00851,17,8,2435.0,2025-01-27,Predictivo,2.0,Ejecutado
PM00852,10,10,2437.0,2025-01-27,Predictivo,3.0,Ejecutado
PM00853,18,4,,2025-01-27,Preventivo,2.0,Cancelado
PM00854,13,10,2440.0,2025-01-27,Predictivo,3.0,Ejecutado
PM00855,1,11,2450.0,2025-01-28,Predictivo,4.0,Ejecutado
PM00856,9,9,2456.0,2025-01-29,Predictivo,3.0,Ejecutado
PM00857,19,9,2448.0,2025-01-31,Predictivo,3.0,Ejecutado
PM00858,16,9,2449.0,2025-01-31,Predictivo,3.0,Ejecutado
PM00859,8,9,2461.0,2025-02-02,Predictivo,3.0,Ejecutado
PM00860,11,9,2457.0,2025-02-02,Predictivo,3.0,Ejecutado
PM00861,14,8,2469.0,2025-02-03,Predictivo,2.0,Ejecutado
PM00862,7,11,2473.0,2025-02-03,Predictivo,4.0,Ejecutado
PM00863,4,11,2474.0,2025-02-03,Predictivo,4.0,Ejecutado
PM00864,3,8,2486.0,2025-02-04,Predictivo,2.0,Ejecutado
PM00865,21,11,2476.0,2025-02-05,Predictivo,4.0,Ejecutado
PM00866,18,9,2488.0,2025-02-06,Predictivo,3.0,Ejecutado
PM00867,5,10,2489.0,2025-02-09,Predictivo,3.0,Ejecutado
PM00868,19,16,2493.0,2025-02-10,Mayor,60.0,Ejecutado
PM00869,17,4,2499.0,2025-02-11,Preventivo,2.0,Ejecutado
PM00870,2,4,2524.0,2025-02-14,Preventivo,2.0,Ejecutado
PM00871,11,2,,2025-02-14,Preventivo,3.0,Pendiente
PM00872,5,5,2514.0,2025-02-15,Preventivo,4.0,Ejecutado
PM00873,6,4,2518.0,2025-02-15,Preventivo,2.0,Ejecutado
PM00874,18,1,,2025-02-16,Preventivo,4.0,Cancelado
PM00875,5,17,2522.0,2025-02-16,Mayor,40.0,Ejecutado
PM00876,13,4,2519.0,2025-02-17,Preventivo,2.0,Ejecutado
PM00877,12,5,2517.0,2025-02-17,Preventivo,4.0,Ejecutado
PM00878,4,1,2528.0,2025-02-18,Preventivo,4.0,Ejecutado
PM00879,19,3,2535.0,2025-02-19,Preventivo,5.0,Ejecutado
PM00880,13,2,,2025-02-19,Preventivo,3.0,Cancelado
PM00881,1,2,2533.0,2025-02-20,Preventivo,3.0,Ejecutado
PM00882,14,6,2538.0,2025-02-20,Preventivo,6.0,Ejecutado
PM00883,10,7,2554.0,2025-02-20,Preventivo,5.0,Ejecutado
PM00884,9,3,2534.0,2025-02-20,Preventivo,5.0,Ejecutado
PM00885,7,1,2550.0,2025-02-21,Preventivo,4.0,Ejecutado
PM00886,20,3,2556.0,2025-02-21,Preventivo,5.0,Ejecutado
PM00887,8,3,2542.0,2025-02-22,Preventivo,5.0,Ejecutado
PM00888,21,4,2548.0,2025-02-22,Preventivo,2.0,Ejecutado
PM00889,3,2,,2025-02-22,Preventivo,3.0,Cancelado
PM00890,17,17,,2025-02-22,Mayor,40.0,Pendiente
PM00891,15,6,,2025-02-23,Preventivo,6.0,Cancelado
PM00892,16,7,2557.0,2025-02-23,Preventivo,5.0,Ejecutado
PM00893,14,7,,2025-02-28,Preventivo,5.0,Pendiente
PM00894,7,2,,2025-03-05,Preventivo,3.0,Reprogramado
PM00895,1,1,,2025-03-14,Preventivo,4.0,Cancelado
PM00896,5,3,2617.0,2025-03-15,Preventivo,5.0,Ejecutado
PM00897,15,1,2622.0,2025-03-17,Preventivo,4.0,Ejecutado
PM00898,7,1,,2025-03-18,Preventivo,4.0,Cancelado
PM00899,4,6,2623.0,2025-03-18,Preventivo,6.0,Ejecutado
PM00900,13,17,2615.0,2025-03-18,Mayor,40.0,Ejecutado
PM00901,9,3,2634.0,2025-03-19,Preventivo,5.0,Ejecutado
PM00902,3,11,2632.0,2025-03-19,Predictivo,4.0,Ejecutado
PM00903,15,9,2635.0,2025-03-21,Predictivo,3.0,Ejecutado
PM00904,13,3,2638.0,2025-03-21,Preventivo,5.0,Ejecutado
PM00905,18,1,2637.0,2025-03-21,Preventivo,4.0,Ejecutado
PM00906,19,3,,2025-03-22,Preventivo,5.0,Pendiente
PM00907,17,7,2640.0,2025-03-22,Preventivo,5.0,Ejecutado
PM00908,2,6,2653.0,2025-03-22,Preventivo,6.0,Ejecutado
PM00909,11,5,2631.0,2025-03-22,Preventivo,4.0,Ejecutado
PM00910,17,9,2633.0,2025-03-23,Predictivo,3.0,Ejecutado
PM00911,16,10,2651.0,2025-03-23,Predictivo,3.0,Ejecutado
PM00912,11,17,2650.0,2025-03-23,Mayor,40.0,Ejecutado
PM00913,16,7,2661.0,2025-03-23,Preventivo,5.0,Ejecutado
PM00914,6,4,2639.0,2025-03-24,Preventivo,2.0,Ejecutado
PM00915,1,10,2641.0,2025-03-24,Predictivo,3.0,Ejecutado
PM00916,11,8,2642.0,2025-03-24,Predictivo,2.0,Ejecutado
PM00917,3,7,2649.0,2025-03-24,Preventivo,5.0,Ejecutado
PM00918,6,9,2636.0,2025-03-24,Predictivo,3.0,Ejecutado
PM00919,20,11,2660.0,2025-03-24,Predictivo,4.0,Ejecutado
PM00920,21,4,2662.0,2025-03-25,Preventivo,2.0,Ejecutado
PM00921,4,8,2657.0,2025-03-25,Predictivo,2.0,Ejecutado
PM00922,14,2,2644.0,2025-03-25,Preventivo,3.0,Ejecutado
PM00923,18,9,2646.0,2025-03-25,Predictivo,3.0,Ejecutado
PM00924,13,8,2665.0,2025-03-26,Predictivo,2.0,Ejecutado
PM00925,14,8,2659.0,2025-03-26,Predictivo,2.0,Ejecutado
PM00926,8,2,,2025-03-26,Preventivo,3.0,Cancelado
PM00927,10,3,2668.0,2025-03-27,Preventivo,5.0,Ejecutado
PM00928,5,9,2667.0,2025-03-27,Predictivo,3.0,Ejecutado
PM00929,20,3,2658.0,2025-03-27,Preventivo,5.0,Ejecutado
PM00930,12,7,2669.0,2025-03-27,Preventivo,5.0,Ejecutado
PM00931,10,8,2674.0,2025-03-28,Predictivo,2.0,Ejecutado
PM00932,21,8,2684.0,2025-03-28,Predictivo,2.0,Ejecutado
PM00933,1,1,2666.0,2025-03-29,Preventivo,4.0,Ejecutado
PM00934,20,2,,2025-03-30,Preventivo,3.0,Reprogramado
PM00935,12,1,,2025-03-30,Preventivo,4.0,Pendiente
PM00936,9,8,2700.0,2025-04-02,Predictivo,2.0,Ejecutado
PM00937,19,8,2696.0,2025-04-02,Predictivo,2.0,Ejecutado
PM00938,12,11,,2025-04-04,Predictivo,4.0,Cancelado
PM00939,2,10,2702.0,2025-04-05,Predictivo,3.0,Ejecutado
PM00940,7,10,2710.0,2025-04-05,Predictivo,3.0,Ejecutado
PM00941,8,11,2714.0,2025-04-06,Predictivo,4.0,Ejecutado
PM00942,18,4,,2025-04-12,Preventivo,2.0,Cancelado
PM00943,1,4,2741.0,2025-04-19,Preventivo,2.0,Ejecutado
PM00944,4,4,2746.0,2025-04-21,Preventivo,2.0,Ejecutado
PM00945,3,2,2757.0,2025-04-22,Preventivo,3.0,Ejecutado
PM00946,5,6,2765.0,2025-04-23,Preventivo,6.0,Ejecutado
PM00947,8,1,2747.0,2025-04-23,Preventivo,4.0,Ejecutado
PM00948,20,7,2749.0,2025-04-23,Preventivo,5.0,Ejecutado
PM00949,10,1,2763.0,2025-04-23,Preventivo,4.0,Ejecutado
PM00950,10,4,,2025-04-24,Preventivo,2.0,Reprogramado
PM00951,6,6,2750.0,2025-04-24,Preventivo,6.0,Ejecutado
PM00952,11,7,2758.0,2025-04-24,Preventivo,5.0,Ejecutado
PM00953,16,7,2759.0,2025-04-25,Preventivo,5.0,Ejecutado
PM00954,21,5,2770.0,2025-04-25,Preventivo,4.0,Ejecutado
PM00955,17,2,2771.0,2025-04-25,Preventivo,3.0,Ejecutado
PM00956,2,4,2760.0,2025-04-26,Preventivo,2.0,Ejecutado
PM00957,9,5,2756.0,2025-04-26,Preventivo,4.0,Ejecutado
PM00958,15,3,2778.0,2025-04-26,Preventivo,5.0,Ejecutado
PM00959,12,3,,2025-04-27,Preventivo,5.0,Pendiente
PM00960,18,7,,2025-04-27,Preventivo,5.0,Cancelado
PM00961,7,2,2779.0,2025-04-27,Preventivo,3.0,Ejecutado
PM00962,13,3,2777.0,2025-04-28,Preventivo,5.0,Ejecutado
PM00963,19,1,2785.0,2025-04-29,Preventivo,4.0,Ejecutado
PM00964,18,4,2789.0,2025-04-29,Preventivo,2.0,Ejecutado
PM00965,14,5,2786.0,2025-05-01,Preventivo,4.0,Ejecutado
PM00966,9,6,,2025-05-08,Preventivo,6.0,Cancelado
PM00967,4,3,,2025-05-09,Preventivo,5.0,Reprogramado
PM00968,9,10,2844.0,2025-05-20,Predictivo,3.0,Ejecutado
PM00969,5,8,2846.0,2025-05-20,Predictivo,2.0,Ejecutado
PM00970,3,10,,2025-05-22,Predictivo,3.0,Cancelado
PM00971,10,10,2853.0,2025-05-22,Predictivo,3.0,Ejecutado
PM00972,21,6,2855.0,2025-05-22,Preventivo,6.0,Ejecutado
PM00973,7,4,2860.0,2025-05-22,Preventivo,2.0,Ejecutado
PM00974,13,9,2847.0,2025-05-24,Predictivo,3.0,Ejecutado
PM00975,6,3,2863.0,2025-05-24,Preventivo,5.0,Ejecutado
PM00976,8,2,2854.0,2025-05-25,Preventivo,3.0,Ejecutado
PM00977,21,11,2859.0,2025-05-25,Predictivo,4.0,Ejecutado
PM00978,19,7,2871.0,2025-05-25,Preventivo,5.0,Ejecutado
PM00979,20,4,2864.0,2025-05-26,Preventivo,2.0,Ejecutado
PM00980,3,5,,2025-05-26,Preventivo,4.0,Cancelado
PM00981,10,6,2873.0,2025-05-26,Preventivo,6.0,Ejecutado
PM00982,15,10,2881.0,2025-05-27,Predictivo,3.0,Ejecutado
PM00983,15,4,2878.0,2025-05-27,Preventivo,2.0,Ejecutado
PM00984,16,9,2877.0,2025-05-27,Predictivo,3.0,Ejecutado
PM00985,9,2,,2025-05-27,Preventivo,3.0,Cancelado
PM00986,11,4,2876.0,2025-05-27,Preventivo,2.0,Ejecutado
PM00987,5,4,2870.0,2025-05-27,Preventivo,2.0,Ejecutado
PM00988,1,1,2872.0,2025-05-28,Preventivo,4.0,Ejecutado
PM00989,16,5,2891.0,2025-05-28,Preventivo,4.0,Ejecutado
PM00990,12,3,,2025-05-28,Preventivo,5.0,Reprogramado
PM00991,17,3,2875.0,2025-05-29,Preventivo,5.0,Ejecutado
PM00992,19,8,2882.0,2025-05-29,Predictivo,2.0,Ejecutado
PM00993,18,2,2899.0,2025-05-29,Preventivo,3.0,Ejecutado
PM00994,14,5,2890.0,2025-05-29,Preventivo,4.0,Ejecutado
PM00995,14,8,2895.0,2025-05-29,Predictivo,2.0,Ejecutado
PM00996,11,1,,2025-05-31,Preventivo,4.0,Reprogramado
PM00997,1,11,2894.0,2025-05-31,Predictivo,4.0,Ejecutado
PM00998,2,2,,2025-05-31,Preventivo,3.0,Cancelado
PM00999,13,1,2889.0,2025-05-31,Preventivo,4.0,Ejecutado
PM01000,12,5,2900.0,2025-06-01,Preventivo,4.0,Ejecutado
PM01001,20,11,2908.0,2025-06-02,Predictivo,4.0,Ejecutado
PM01002,18,10,2901.0,2025-06-02,Predictivo,3.0,Ejecutado
PM01003,17,8,2911.0,2025-06-03,Predictivo,2.0,Ejecutado
PM01004,5,1,,2025-06-03,Preventivo,4.0,Reprogramado
PM01005,4,3,2902.0,2025-06-03,Preventivo,5.0,Ejecutado
PM01006,2,10,2909.0,2025-06-05,Predictivo,3.0,Ejecutado
PM01007,12,11,,2025-06-06,Predictivo,4.0,Cancelado
PM01008,4,8,2912.0,2025-06-06,Predictivo,2.0,Ejecutado
PM01009,11,9,2919.0,2025-06-06,Predictivo,3.0,Ejecutado
PM01010,7,8,,2025-06-07,Predictivo,2.0,Cancelado
PM01011,6,9,2918.0,2025-06-07,Predictivo,3.0,Ejecutado
PM01012,8,10,2924.0,2025-06-07,Predictivo,3.0,Ejecutado
PM01013,11,4,,2025-06-09,Preventivo,2.0,Pendiente
PM01014,17,4,,2025-06-13,Preventivo,2.0,Reprogramado
PM01015,3,15,2939.0,2025-06-14,Mayor,80.0,Ejecutado
PM01016,6,2,,2025-06-19,Preventivo,3.0,Reprogramado
PM01017,2,6,2969.0,2025-06-24,Preventivo,6.0,Ejecutado
PM01018,21,2,2968.0,2025-06-25,Preventivo,3.0,Ejecutado
PM01019,19,5,2973.0,2025-06-28,Preventivo,4.0,Ejecutado
PM01020,9,4,2975.0,2025-06-28,Preventivo,2.0,Ejecutado
PM01021,4,7,2981.0,2025-06-28,Preventivo,5.0,Ejecutado
PM01022,14,2,2978.0,2025-06-29,Preventivo,3.0,Ejecutado
PM01023,1,7,2983.0,2025-06-30,Preventivo,5.0,Ejecutado
PM01024,18,3,2984.0,2025-06-30,Preventivo,5.0,Ejecutado
PM01025,15,3,,2025-07-01,Preventivo,5.0,Cancelado
PM01026,8,3,2980.0,2025-07-01,Preventivo,5.0,Ejecutado
PM01027,17,6,2989.0,2025-07-01,Preventivo,6.0,Ejecutado
PM01028,20,7,2998.0,2025-07-01,Preventivo,5.0,Ejecutado
PM01029,5,1,2982.0,2025-07-02,Preventivo,4.0,Ejecutado
PM01030,10,5,2987.0,2025-07-02,Preventivo,4.0,Ejecutado
PM01031,15,2,,2025-07-02,Preventivo,3.0,Cancelado
PM01032,3,6,2991.0,2025-07-03,Preventivo,6.0,Ejecutado
PM01033,13,1,2997.0,2025-07-03,Preventivo,4.0,Ejecutado
PM01034,12,5,2992.0,2025-07-03,Preventivo,4.0,Ejecutado
PM01035,6,2,3009.0,2025-07-03,Preventivo,3.0,Ejecutado
PM01036,11,4,3003.0,2025-07-04,Preventivo,2.0,Ejecutado
PM01037,16,7,3008.0,2025-07-04,Preventivo,5.0,Ejecutado
PM01038,18,6,,2025-07-04,Preventivo,6.0,Pendiente
PM01039,17,1,,2025-07-05,Preventivo,4.0,Reprogramado
PM01040,7,4,3002.0,2025-07-06,Preventivo,2.0,Ejecutado
PM01041,6,9,3049.0,2025-07-20,Predictivo,3.0,Ejecutado
PM01042,4,9,3059.0,2025-07-22,Predictivo,3.0,Ejecutado
PM01043,21,8,3060.0,2025-07-22,Predictivo,2.0,Ejecutado
PM01044,3,9,3053.0,2025-07-23,Predictivo,3.0,Ejecutado
PM01045,18,8,3058.0,2025-07-23,Predictivo,2.0,Ejecutado
PM01046,1,10,3061.0,2025-07-24,Predictivo,3.0,Ejecutado
PM01047,19,8,3070.0,2025-07-26,Predictivo,2.0,Ejecutado
PM01048,16,8,3069.0,2025-07-28,Predictivo,2.0,Ejecutado
PM01049,8,8,3081.0,2025-07-28,Predictivo,2.0,Ejecutado
PM01050,3,7,3076.0,2025-07-29,Preventivo,5.0,Ejecutado
PM01051,5,6,3072.0,2025-07-30,Preventivo,6.0,Ejecutado
PM01052,18,4,3077.0,2025-07-30,Preventivo,2.0,Ejecutado
PM01053,12,11,3074.0,2025-07-30,Predictivo,4.0,Ejecutado
PM01054,6,5,3082.0,2025-07-30,Preventivo,4.0,Ejecutado
PM01055,12,7,3085.0,2025-07-30,Preventivo,5.0,Ejecutado
PM01056,2,8,3073.0,2025-07-30,Predictivo,2.0,Ejecutado
PM01057,1,2,3080.0,2025-07-31,Preventivo,3.0,Ejecutado
PM01058,4,4,3083.0,2025-08-01,Preventivo,2.0,Ejecutado
PM01059,15,9,3095.0,2025-08-01,Predictivo,3.0,Ejecutado
PM01060,15,7,3084.0,2025-08-02,Preventivo,5.0,Ejecutado
PM01061,13,5,3091.0,2025-08-02,Preventivo,4.0,Ejecutado
PM01062,11,9,3110.0,2025-08-03,Predictivo,3.0,Ejecutado
PM01063,7,4,3101.0,2025-08-03,Preventivo,2.0,Ejecutado
PM01064,13,6,,2025-08-03,Preventivo,6.0,Cancelado
PM01065,20,4,,2025-08-03,Preventivo,2.0,Reprogramado
PM01066,21,2,3120.0,2025-08-04,Preventivo,3.0,Ejecutado
PM01067,2,5,3113.0,2025-08-04,Preventivo,4.0,Ejecutado
PM01068,10,9,3096.0,2025-08-04,Predictivo,3.0,Ejecutado
PM01069,17,8,3094.0,2025-08-04,Predictivo,2.0,Ejecutado
PM01070,20,2,3111.0,2025-08-04,Preventivo,3.0,Ejecutado
PM01071,7,9,3104.0,2025-08-04,Predictivo,3.0,Ejecutado
PM01072,8,5,3106.0,2025-08-04,Preventivo,4.0,Ejecutado
PM01073,14,8,3108.0,2025-08-05,Predictivo,2.0,Ejecutado
PM01074,17,3,3102.0,2025-08-05,Preventivo,5.0,Ejecutado
PM01075,9,6,3121.0,2025-08-05,Preventivo,6.0,Ejecutado
PM01076,14,2,3123.0,2025-08-05,Preventivo,3.0,Ejecutado
PM01077,13,9,3109.0,2025-08-06,Predictivo,3.0,Ejecutado
PM01078,5,8,3105.0,2025-08-06,Predictivo,2.0,Ejecutado
PM01079,11,7,3112.0,2025-08-07,Preventivo,5.0,Ejecutado
PM01080,18,6,,2025-08-07,Preventivo,6.0,Reprogramado
PM01081,16,1,3114.0,2025-08-07,Preventivo,4.0,Ejecutado
PM01082,10,4,3124.0,2025-08-07,Preventivo,2.0,Ejecutado
PM01083,19,6,,2025-08-08,Preventivo,6.0,Reprogramado
PM01084,19,7,3125.0,2025-08-08,Preventivo,5.0,Ejecutado
PM01085,9,11,3119.0,2025-08-08,Predictivo,4.0,Ejecutado
PM01086,20,9,3128.0,2025-08-10,Predictivo,3.0,Ejecutado
PM01087,8,7,,2025-08-14,Preventivo,5.0,Reprogramado
PM01088,20,7,,2025-08-22,Preventivo,5.0,Pendiente
PM01089,10,17,3158.0,2025-08-25,Mayor,40.0,Ejecutado
PM01090,15,7,,2025-08-25,Preventivo,5.0,Reprogramado
PM01091,16,1,3176.0,2025-08-31,Preventivo,4.0,Ejecutado
PM01092,6,7,3183.0,2025-08-31,Preventivo,5.0,Ejecutado
PM01093,2,4,3186.0,2025-08-31,Preventivo,2.0,Ejecutado
PM01094,4,5,3178.0,2025-09-01,Preventivo,4.0,Ejecutado
PM01095,13,4,,2025-09-02,Preventivo,2.0,Pendiente
PM01096,1,4,3185.0,2025-09-02,Preventivo,2.0,Ejecutado
PM01097,5,1,3188.0,2025-09-02,Preventivo,4.0,Ejecutado
PM01098,9,1,3195.0,2025-09-02,Preventivo,4.0,Ejecutado
PM01099,9,5,,2025-09-03,Preventivo,4.0,Reprogramado
PM01100,20,7,3199.0,2025-09-04,Preventivo,5.0,Ejecutado
PM01101,21,6,3189.0,2025-09-04,Preventivo,6.0,Ejecutado
PM01102,15,1,3184.0,2025-09-04,Preventivo,4.0,Ejecutado
PM01103,19,5,3190.0,2025-09-05,Preventivo,4.0,Ejecutado
PM01104,17,4,3194.0,2025-09-05,Preventivo,2.0,Ejecutado
PM01105,10,6,3203.0,2025-09-07,Preventivo,6.0,Ejecutado
PM01106,3,6,3208.0,2025-09-07,Preventivo,6.0,Ejecutado
PM01107,18,4,3202.0,2025-09-08,Preventivo,2.0,Ejecutado
PM01108,1,15,3207.0,2025-09-08,Mayor,80.0,Ejecutado
PM01109,7,4,3217.0,2025-09-09,Preventivo,2.0,Ejecutado
PM01110,11,2,3212.0,2025-09-09,Preventivo,3.0,Ejecutado
PM01111,14,3,3209.0,2025-09-09,Preventivo,5.0,Ejecutado
PM01112,12,6,3211.0,2025-09-10,Preventivo,6.0,Ejecutado
PM01113,8,3,3216.0,2025-09-10,Preventivo,5.0,Ejecutado
PM01114,21,7,,2025-09-16,Preventivo,5.0,Pendiente
PM01115,18,8,3239.0,2025-09-17,Predictivo,2.0,Ejecutado
PM01116,1,9,3246.0,2025-09-18,Predictivo,3.0,Ejecutado
PM01117,19,11,3250.0,2025-09-20,Predictivo,4.0,Ejecutado
PM01118,16,10,3245.0,2025-09-21,Predictivo,3.0,Ejecutado
PM01119,20,8,3251.0,2025-09-21,Predictivo,2.0,Ejecutado
PM01120,6,9,3261.0,2025-09-22,Predictivo,3.0,Ejecutado
PM01121,7,10,3259.0,2025-09-23,Predictivo,3.0,Ejecutado
PM01122,9,9,3255.0,2025-09-23,Predictivo,3.0,Ejecutado
PM01123,17,10,3249.0,2025-09-23,Predictivo,3.0,Ejecutado
PM01124,8,9,3260.0,2025-09-24,Predictivo,3.0,Ejecutado
PM01125,4,10,3254.0,2025-09-24,Predictivo,3.0,Ejecutado
PM01126,21,8,3268.0,2025-09-26,Predictivo,2.0,Ejecutado
PM01127,13,11,3267.0,2025-09-27,Predictivo,4.0,Ejecutado
PM01128,11,9,3271.0,2025-09-27,Predictivo,3.0,Ejecutado
PM01129,12,10,3272.0,2025-09-27,Predictivo,3.0,Ejecutado
PM01130,15,11,3278.0,2025-09-28,Predictivo,4.0,Ejecutado
PM01131,10,8,3277.0,2025-09-29,Predictivo,2.0,Ejecutado
PM01132,5,2,,2025-09-29,Preventivo,3.0,Pendiente
PM01133,3,8,3282.0,2025-09-30,Predictivo,2.0,Ejecutado
PM01134,5,8,3286.0,2025-09-30,Predictivo,2.0,Ejecutado
PM01135,2,9,,2025-09-30,Predictivo,3.0,Cancelado
PM01136,13,5,,2025-10-01,Preventivo,4.0,Cancelado
PM01137,18,5,3297.0,2025-10-02,Preventivo,4.0,Ejecutado
PM01138,3,1,3299.0,2025-10-04,Preventivo,4.0,Ejecutado
PM01139,5,3,3298.0,2025-10-05,Preventivo,5.0,Ejecutado
PM01140,19,2,3305.0,2025-10-07,Preventivo,3.0,Ejecutado
PM01141,8,7,3306.0,2025-10-07,Preventivo,5.0,Ejecutado
PM01142,14,8,3313.0,2025-10-07,Predictivo,2.0,Ejecutado
PM01143,12,4,3314.0,2025-10-08,Preventivo,2.0,Ejecutado
PM01144,21,2,3317.0,2025-10-08,Preventivo,3.0,Ejecutado
PM01145,1,2,3329.0,2025-10-08,Preventivo,3.0,Ejecutado
PM01146,6,7,3319.0,2025-10-09,Preventivo,5.0,Ejecutado
PM01147,10,5,3337.0,2025-10-10,Preventivo,4.0,Ejecutado
PM01148,15,2,3331.0,2025-10-10,Preventivo,3.0,Ejecutado
PM01149,20,7,3342.0,2025-10-10,Preventivo,5.0,Ejecutado
PM01150,7,7,3318.0,2025-10-10,Preventivo,5.0,Ejecutado
PM01151,9,5,3341.0,2025-10-11,Preventivo,4.0,Ejecutado
PM01152,4,5,3324.0,2025-10-11,Preventivo,4.0,Ejecutado
PM01153,17,3,3332.0,2025-10-12,Preventivo,5.0,Ejecutado
PM01154,2,6,3330.0,2025-10-12,Preventivo,6.0,Ejecutado
PM01155,11,2,3345.0,2025-10-13,Preventivo,3.0,Ejecutado
PM01156,14,4,3338.0,2025-10-13,Preventivo,2.0,Ejecutado
PM01157,20,2,,2025-10-13,Preventivo,3.0,Cancelado
PM01158,16,2,3346.0,2025-10-15,Preventivo,3.0,Ejecutado
PM01159,12,6,,2025-10-24,Preventivo,6.0,Reprogramado
PM01160,15,16,3383.0,2025-10-30,Mayor,60.0,Ejecutado
PM01161,20,6,,2025-11-03,Preventivo,6.0,Reprogramado
PM01162,1,2,3405.0,2025-11-07,Preventivo,3.0,Ejecutado
PM01163,1,17,3396.0,2025-11-07,Mayor,40.0,Ejecutado
PM01164,6,7,3394.0,2025-11-07,Preventivo,5.0,Ejecutado
PM01165,8,1,3395.0,2025-11-08,Preventivo,4.0,Ejecutado
PM01166,16,7,3418.0,2025-11-08,Preventivo,5.0,Ejecutado
PM01167,4,7,3419.0,2025-11-08,Preventivo,5.0,Ejecutado
PM01168,2,7,3422.0,2025-11-08,Preventivo,5.0,Ejecutado
PM01169,4,16,,2025-11-08,Mayor,60.0,Pendiente
PM01170,18,4,3407.0,2025-11-09,Preventivo,2.0,Ejecutado
PM01171,15,3,3420.0,2025-11-09,Preventivo,5.0,Ejecutado
PM01172,21,2,3404.0,2025-11-10,Preventivo,3.0,Ejecutado
PM01173,19,1,3406.0,2025-11-10,Preventivo,4.0,Ejecutado
PM01174,5,3,3408.0,2025-11-10,Preventivo,5.0,Ejecutado
PM01175,11,1,3429.0,2025-11-10,Preventivo,4.0,Ejecutado
PM01176,3,6,3409.0,2025-11-11,Preventivo,6.0,Ejecutado
PM01177,14,4,3410.0,2025-11-11,Preventivo,2.0,Ejecutado
PM01178,12,6,3434.0,2025-11-11,Preventivo,6.0,Ejecutado
PM01179,20,3,3421.0,2025-11-12,Preventivo,5.0,Ejecutado
PM01180,7,1,,2025-11-12,Preventivo,4.0,Cancelado
PM01181,10,4,3436.0,2025-11-13,Preventivo,2.0,Ejecutado
PM01182,17,7,3433.0,2025-11-13,Preventivo,5.0,Ejecutado
PM01183,9,1,3438.0,2025-11-14,Preventivo,4.0,Ejecutado
PM01184,13,7,3437.0,2025-11-15,Preventivo,5.0,Ejecutado
PM01185,9,7,,2025-11-16,Preventivo,5.0,Reprogramado
PM01186,6,1,,2025-11-20,Preventivo,4.0,Cancelado
PM01187,21,10,3452.0,2025-11-21,Predictivo,3.0,Ejecutado
PM01188,14,11,3461.0,2025-11-22,Predictivo,4.0,Ejecutado
PM01189,10,8,3457.0,2025-11-23,Predictivo,2.0,Ejecutado
PM01190,3,9,3456.0,2025-11-25,Predictivo,3.0,Ejecutado
PM01191,13,8,3464.0,2025-11-25,Predictivo,2.0,Ejecutado
PM01192,15,11,3470.0,2025-11-26,Predictivo,4.0,Ejecutado
PM01193,12,9,3476.0,2025-11-27,Predictivo,3.0,Ejecutado
PM01194,2,8,3475.0,2025-11-29,Predictivo,2.0,Ejecutado
PM01195,1,10,,2025-11-29,Predictivo,3.0,Cancelado
PM01196,8,11,3484.0,2025-11-30,Predictivo,4.0,Ejecutado
PM01197,9,10,3494.0,2025-12-01,Predictivo,3.0,Ejecutado
PM01198,4,10,3483.0,2025-12-01,Predictivo,3.0,Ejecutado
PM01199,19,11,3495.0,2025-12-02,Predictivo,4.0,Ejecutado
PM01200,5,11,3506.0,2025-12-03,Predictivo,4.0,Ejecutado
PM01201,18,8,3501.0,2025-12-04,Predictivo,2.0,Ejecutado
PM01202,6,11,3519.0,2025-12-06,Predictivo,4.0,Ejecutado
PM01203,20,7,3521.0,2025-12-06,Preventivo,5.0,Ejecutado
PM01204,7,11,3516.0,2025-12-06,Predictivo,4.0,Ejecutado
PM01205,20,9,3512.0,2025-12-07,Predictivo,3.0,Ejecutado
PM01206,18,2,3517.0,2025-12-07,Preventivo,3.0,Ejecutado
PM01207,16,9,,2025-12-07,Predictivo,3.0,Cancelado
PM01208,5,5,3518.0,2025-12-07,Preventivo,4.0,Ejecutado
PM01209,12,5,3527.0,2025-12-08,Preventivo,4.0,Ejecutado
PM01210,4,5,3522.0,2025-12-08,Preventivo,4.0,Ejecutado
PM01211,11,4,3529.0,2025-12-08,Preventivo,2.0,Ejecutado
PM01212,16,1,3520.0,2025-12-09,Preventivo,4.0,Ejecutado
PM01213,9,5,3528.0,2025-12-09,Preventivo,4.0,Ejecutado
PM01214,11,9,3515.0,2025-12-09,Predictivo,3.0,Ejecutado
PM01215,17,8,3514.0,2025-12-09,Predictivo,2.0,Ejecutado
PM01216,20,15,3535.0,2025-12-09,Mayor,80.0,Ejecutado
PM01217,6,4,3537.0,2025-12-12,Preventivo,2.0,Ejecutado
PM01218,19,6,3538.0,2025-12-13,Preventivo,6.0,Ejecutado
PM01219,20,15,3539.0,2025-12-13,Mayor,80.0,Ejecutado
PM01220,13,1,3542.0,2025-12-14,Preventivo,4.0,Ejecutado
PM01221,3,2,3548.0,2025-12-14,Preventivo,3.0,Ejecutado
PM01222,10,2,,2025-12-14,Preventivo,3.0,Cancelado
PM01223,5,2,,2025-12-14,Preventivo,3.0,Reprogramado
PM01224,15,5,3543.0,2025-12-15,Preventivo,4.0,Ejecutado
PM01225,21,5,3540.0,2025-12-15,Preventivo,4.0,Ejecutado
PM01226,1,7,3547.0,2025-12-16,Preventivo,5.0,Ejecutado
PM01227,14,7,3550.0,2025-12-17,Preventivo,5.0,Ejecutado
PM01228,7,3,3565.0,2025-12-18,Preventivo,5.0,Ejecutado
PM01229,8,4,3556.0,2025-12-19,Preventivo,2.0,Ejecutado
PM01230,2,4,3564.0,2025-12-19,Preventivo,2.0,Ejecutado
PM01231,8,6,,2025-12-19,Preventivo,6.0,Cancelado
PM01232,17,5,3563.0,2025-12-20,Preventivo,4.0,Ejecutado
PM01233,7,16,3582.0,2025-12-26,Mayor,60.0,Ejecutado
